permutation_id,judge_answer_correctness_vs_ref,judge_answer_helpfulness,text_correctness_vs_ref,text_helpfulness
eyJtZXRhZGF0YSI6eyJhbnN3ZXJfaW5zdHJ1Y3Rpb25zX2lkIjoiQSIsImFwcHJvYWNoIjoibG9uZ19jb250ZXh0IiwiZWZmb3J0IjoibG93IiwiZmV3X3Nob3RfaWQiOiJBIiwibWF4X3Rva2VucyI6NTAwMCwibW9kZWwiOiJjbGF1ZGUtb3B1cy00LTYiLCJyZWFzb25pbmdfZWZmb3J0IjoibG93IiwidG9wX2siOjF9LCJydW5fdXVpZCI6IjBjNDEzMTRmLTdkZmUtNGZjMC04ZWExLTMxYTYyOTQzOGQzNSJ9dYvQNAhFmEc,False,True,"Correctness: False

Step-by-step reasoning:
- The ground truth advises not to use the spindle brake for stopping mid-cut and instead to come off the workpiece rather than stopping the spindle.
- The student explicitly recommends using the spindle brake to stop the spindle and provides instructions on its use.
- This directly conflicts with the ground truth guidance.
- Therefore, the student answer is factually incorrect relative to the ground truth.","Step-by-step reasoning:
- The question asks specifically which brake to use to stop the spindle mid cut, implying a choice between possible machine controls (e.g., spindle brake vs. quill lock).
- The student clearly identifies the appropriate control as the spindle brake and explains where it is and how to use it. This directly addresses the “what kind of brake” part.
- The student also differentiates the spindle brake from the quill lock, clarifying that the quill lock is for preventing quill movement, not stopping spindle rotation. This helps prevent a common mistake and supports answering the question.
- The added cautions (release before starting, no adjustments) are somewhat extra but still relevant to proper use and safety.
- While a bit verbose, the content remains on-topic and helps answer the question.

Relevance: True"
eyJtZXRhZGF0YSI6eyJhbnN3ZXJfaW5zdHJ1Y3Rpb25zX2lkIjoiQSIsImFwcHJvYWNoIjoibG9uZ19jb250ZXh0IiwiZWZmb3J0IjoibG93IiwiZmV3X3Nob3RfaWQiOiJBIiwibWF4X3Rva2VucyI6NTAwMCwibW9kZWwiOiJjbGF1ZGUtb3B1cy00LTYiLCJyZWFzb25pbmdfZWZmb3J0IjoibG93IiwidG9wX2siOjF9LCJydW5fdXVpZCI6IjBkZWZlMmUxLWRjNDUtNDg5Zi04NDJkLTEyMjkxYmIyZTU5MyJ9b1oipICfpP4,False,True,"Correctness: False

Step-by-step reasoning:
- The ground truth identifies the part as a set screw whose function is to help align the collet during insertion/removal; it is not structural. It should be replaced soon.
- The student claims the screw is the set screw “R” that secures the nose cap to the quill and treats it as critical to safe operation, advising not to operate the machine without it. This contradicts the ground truth description of the screw’s non-structural, alignment-only role.
- The student’s additional steps (checking a gap, warnings about nose cap removal) pertain to securing the nose cap and imply a different function than simple collet alignment, creating a conflict with the ground truth.
- Because the student’s identification and implications about urgency/structural importance conflict with the ground truth, the answer is not factually accurate relative to the provided correct answer.","Relevance: True

Step-by-step reasoning:
- The question asks what to do after an Allen screw came out of a small hole near the lower backside of the chuck on a Bridgeport mill.
- The student identifies the likely purpose of the screw (a set screw securing the nose cap), which directly addresses the component in question and provides context for action.
- They give clear, actionable steps: don’t operate the machine, reinstall the screw if available, avoid overtightening, verify a specific gap, and obtain a replacement if the screw is missing. These steps are practical and directly answer “what should I do?”
- Safety and damage-prevention cautions are included (don’t overtighten; manage the set screw before attempting nose cap removal), which are relevant and helpful.
- The answer is focused on the specific issue and not cluttered with unrelated details, maintaining reasonable concision while remaining useful.

Conclusion: The student’s response is concise, relevant, and helps answer the question with appropriate steps and cautions."
eyJtZXRhZGF0YSI6eyJhbnN3ZXJfaW5zdHJ1Y3Rpb25zX2lkIjoiQSIsImFwcHJvYWNoIjoibG9uZ19jb250ZXh0IiwiZWZmb3J0IjoibG93IiwiZmV3X3Nob3RfaWQiOiJBIiwibWF4X3Rva2VucyI6NTAwMCwibW9kZWwiOiJjbGF1ZGUtb3B1cy00LTYiLCJyZWFzb25pbmdfZWZmb3J0IjoibG93IiwidG9wX2siOjF9LCJydW5fdXVpZCI6IjBlY2RlNzcwLTAxMGUtNDgwMC05MmEyLTQ1ZjdlZmI0N2I0NSJ9HymzXzypicY,False,True,"Correctness: False

Step-by-step reasoning:
- The ground truth states that maximum depth is set using the micrometer nut along with the quill stop, with each graduation on the nut indicating 0.001 inches and read against a side-mounted scale.
- The student correctly states that you use the micrometer nut with the quill stop and that each graduation is 0.001"" read against a scale. This aligns with the ground truth.
- However, the student answer contains an internal conflict: it labels “E” as the Quill Stop Knob in one section and later refers to “E” as the feed trip lever. This is a conflicting statement within the answer itself.
- While the added details about automatic feed and finishing to a dead stop do not contradict the ground truth, the presence of the internal labeling conflict violates the requirement that the student answer not contain conflicting statements.

Conclusion: Because of the internal contradiction, the answer does not meet all criteria.","Step-by-step reasoning:
- The question asks how to set the maximum depth on a Bridgeport mill, which refers to using the quill stop system.
- The student identifies the correct components (Micrometer Nut and Quill Stop Knob) and explains their roles, which directly addresses the task.
- The procedure outlines clear, actionable steps for setting depth, including the graduations and how they correlate to depth, which helps the user perform the task.
- The section on automatic feed adds practical context on how the depth stop interacts with auto-feed and how to achieve final accuracy, which is useful rather than distracting.
- While somewhat detailed, the answer remains focused on setting depth and does not include unrelated information.

Relevance: True"
eyJtZXRhZGF0YSI6eyJhbnN3ZXJfaW5zdHJ1Y3Rpb25zX2lkIjoiQSIsImFwcHJvYWNoIjoibG9uZ19jb250ZXh0IiwiZWZmb3J0IjoibG93IiwiZmV3X3Nob3RfaWQiOiJBIiwibWF4X3Rva2VucyI6NTAwMCwibW9kZWwiOiJjbGF1ZGUtb3B1cy00LTYiLCJyZWFzb25pbmdfZWZmb3J0IjoibG93IiwidG9wX2siOjF9LCJydW5fdXVpZCI6IjE2ZDkwODA5LTI3ZmUtNGFhOC1iMzNkLWRhMmViMjgyZTM4MyJ9cFmC-wljDMY,True,True,"Correctness: True

Step-by-step reasoning:
- The ground truth states that hearing protection may be required for some operations, implying it is not universally required but situational.
- The student states that the manual does not require hearing protection at all times and quotes guidance to wear ear muffs or plugs “when necessary.”
- The student further clarifies that necessity depends on specific operations and noise levels, which aligns with “may be required for some operations.”
- There are no conflicting statements; the explanation is consistent with the ground truth and provides accurate, relevant context.","Step-by-step reasoning:
- The question is essentially asking whether hearing protection is required around a Bridgeport mill.
- The student addresses this directly by noting the manual does not mandate protection at all times but recommends ear muffs/plugs “when necessary.”
- The student provides a relevant quote from the safety recommendations to support the conditional nature of the requirement.
- The answer explains that the need depends on the operation and noise level, giving an example (excessive noise) and clarifying that the decision is made by the employer/operator.
- The response is concise, focused on hearing protection, and provides practical guidance rather than unrelated details.

Relevance: True"
eyJtZXRhZGF0YSI6eyJhbnN3ZXJfaW5zdHJ1Y3Rpb25zX2lkIjoiQSIsImFwcHJvYWNoIjoibG9uZ19jb250ZXh0IiwiZWZmb3J0IjoibG93IiwiZmV3X3Nob3RfaWQiOiJBIiwibWF4X3Rva2VucyI6NTAwMCwibW9kZWwiOiJjbGF1ZGUtb3B1cy00LTYiLCJyZWFzb25pbmdfZWZmb3J0IjoibG93IiwidG9wX2siOjF9LCJydW5fdXVpZCI6IjEzN2IyNjA3LTU4ZGEtNDVjNy1iMmY5LTZiZGZjYTM4YzI5MiJ9pl-LQrirvn0,True,True,"Step-by-step reasoning:
- The ground truth requires three things: (1) Disengage Auto Quill Feed “D”, (2) set “F” to the mid (neutral) position, and (3) the quill will then be under handwheel control.
- The student’s steps directly match these:
  - They explicitly state to disengage Auto Quill Feed (item D).
  - They set the Feed Reverse Knob (item F) to the mid (neutral) position.
  - They state the quill is now under handwheel control and add a correct operational detail (turn clockwise to move down).
- The additional notes (about the Feed Control Lever needing to be engaged for manual feed and about disengaging/removing handles) do not contradict the ground truth steps and are consistent with typical Bridgeport operation. They provide extra, but not conflicting, information.

Conclusion: The student’s answer is factually accurate relative to the ground truth and contains no conflicting statements.

Correctness: True","Relevance: True

Reasoning:
- The question asks how to put the Bridgeport mill’s quill into hand feed mode (i.e., manual control rather than power feed).
- The student’s answer gives clear, actionable steps: disengage auto quill feed, set the feed reverse knob to neutral, and use the manual handwheel to move the quill. These directly address switching to hand feed.
- The additional notes (feed control lever engagement, neutral position guidance, and handwheel/handle disengagement) are directly related to using/manualizing the quill feed and help avoid common mistakes.
- While it references item letters that presume a diagram, the instructions remain relevant and do not include unrelated information.
- Overall, the answer is concise enough and helps accomplish the task."
eyJtZXRhZGF0YSI6eyJhbnN3ZXJfaW5zdHJ1Y3Rpb25zX2lkIjoiQSIsImFwcHJvYWNoIjoibG9uZ19jb250ZXh0IiwiZWZmb3J0IjoibG93IiwiZmV3X3Nob3RfaWQiOiJBIiwibWF4X3Rva2VucyI6NTAwMCwibW9kZWwiOiJjbGF1ZGUtb3B1cy00LTYiLCJyZWFzb25pbmdfZWZmb3J0IjoibG93IiwidG9wX2siOjF9LCJydW5fdXVpZCI6IjI0OTA5NzBjLTVkY2QtNGZmNS1hMzllLWJlYTQyYjY5M2JjNiJ9ymxQAL-1whI,True,True,"Correctness: True

Step-by-step reasoning:
- The question asks for the number of stud motor mounting rings in the E-HEAD assembly.
- The ground truth states the correct quantity is 2.
- The student answer specifies the quantity as 2 and provides additional identifying details (item number, code, dimensions), which do not conflict with the required quantity.
- Since the student’s quantity matches the ground truth and contains no conflicting statements, the answer is correct.","Relevance: True

Step-by-step reasoning:
- The question asks specifically for the quantity of ""stud motor mtg rings"" needed for the E-HEAD assembly.
- The student answer directly provides a clear quantity: 2.
- The answer references the E-Head parts listing and identifies the exact item (Item 13, Code No. 11011850) with a brief description, which supports the claim and helps verify the information.
- The response is concise and focused on the asked quantity without unnecessary details.

Therefore, the student’s answer is both concise and directly helpful in answering the question."
eyJtZXRhZGF0YSI6eyJhbnN3ZXJfaW5zdHJ1Y3Rpb25zX2lkIjoiQSIsImFwcHJvYWNoIjoibG9uZ19jb250ZXh0IiwiZWZmb3J0IjoibG93IiwiZmV3X3Nob3RfaWQiOiJBIiwibWF4X3Rva2VucyI6NTAwMCwibW9kZWwiOiJjbGF1ZGUtb3B1cy00LTYiLCJyZWFzb25pbmdfZWZmb3J0IjoibG93IiwidG9wX2siOjF9LCJydW5fdXVpZCI6IjI4MDllY2M5LWU5ZGEtNDA0Zi1hMzM3LWE0NWJiMGQ0NjBkNyJ9WDkOFkfsTB8,True,True,"Correctness: True

Step-by-step reasoning:
- The ground truth states that the hi/lo lever controls the gearing of the head, while the high/low switch controls the rotation (direction) of the motor.
- The student states that the Hi-Neutral-Lo lever mechanically engages back gear (low) or direct drive (high), which aligns with controlling the head’s gearing.
- The student also states that the High-Low Range Switch is a motor reversing switch that changes the motor’s rotation so the spindle runs correctly in either gear, which matches controlling the motor’s rotation.
- Additional details provided (RPM ranges, neutral position, need to match settings to avoid reverse spindle, and not shifting under power) are accurate for a Bridgeport and do not conflict with the ground truth.
- No internal contradictions are present in the student’s answer.

Therefore, the student’s answer is factually accurate relative to the ground truth.","Relevance: True

Step-by-step reasoning:
- The question asks for the difference between the motor’s high-low switch and the mill’s hi-lo lever.
- The student clearly distinguishes the two:
  - Describes the motor high-low switch as an electrical motor direction/reversing control.
  - Describes the mill’s hi/lo lever as a mechanical gear engagement (back gear vs direct drive) with a neutral.
- The answer explains how they interact (must be matched to keep spindle rotation correct), which directly helps answer the practical difference.
- It adds useful operational details (RPM ranges, neutral use, not shifting under power), which are relevant and supportive.
- The response is focused on the asked components and avoids unrelated content, though slightly verbose; however, it remains concise enough and fully addresses the question."
eyJtZXRhZGF0YSI6eyJhbnN3ZXJfaW5zdHJ1Y3Rpb25zX2lkIjoiQSIsImFwcHJvYWNoIjoibG9uZ19jb250ZXh0IiwiZWZmb3J0IjoibG93IiwiZmV3X3Nob3RfaWQiOiJBIiwibWF4X3Rva2VucyI6NTAwMCwibW9kZWwiOiJjbGF1ZGUtb3B1cy00LTYiLCJyZWFzb25pbmdfZWZmb3J0IjoibG93IiwidG9wX2siOjF9LCJydW5fdXVpZCI6IjJjNmVlOWU5LTAyM2EtNGIyOS1hNWVkLTQwZjZjY2FmZjM1MyJ9GfQxjlIwPbw,True,True,"Step-by-step reasoning:
- Ground truth requires no rings. The student explicitly says not to wear rings (and extends to other jewelry), which aligns.
- Ground truth requires close-fitting/protective clothing. The student instructs not to wear loose clothing, which supports close-fitting attire. Saying not to wear long sleeves is stricter but does not contradict the requirement.
- Ground truth requires sturdy footwear at all times. The student specifies safety shoes with steel toes and oil-resistant soles at all times, which satisfies and adds detail.
- Ground truth requires safety glasses. The student says to wear approved industrial safety glasses with side shields at all times, which matches and adds detail.
- Ground truth requires long/loose hair to be contained. The student says long hair must be contained by a net or shop cap, which matches.

No conflicting statements with the ground truth are present; extra PPE suggestions are conditional (“when necessary”) and do not conflict.

Correctness: True","Relevance: True

Step-by-step reasoning:
- The question asks what clothing should be worn when operating a mill, implying attire and safety-related wear.
- The student provides clear, concise guidelines on what to wear (safety glasses, safety shoes; respirator/helmet/ear protection when needed) and what not to wear (gloves, loose clothing, jewelry, long sleeves), and how to manage long hair.
- While some items are PPE rather than “clothes” per se, they are directly relevant to attire for safe mill operation.
- The answer is organized, specific to a milling machine, and directly helps the user understand appropriate clothing and restrictions to prevent entanglement and injury."
eyJtZXRhZGF0YSI6eyJhbnN3ZXJfaW5zdHJ1Y3Rpb25zX2lkIjoiQSIsImFwcHJvYWNoIjoibG9uZ19jb250ZXh0IiwiZWZmb3J0IjoibG93IiwiZmV3X3Nob3RfaWQiOiJBIiwibWF4X3Rva2VucyI6NTAwMCwibW9kZWwiOiJjbGF1ZGUtb3B1cy00LTYiLCJyZWFzb25pbmdfZWZmb3J0IjoibG93IiwidG9wX2siOjF9LCJydW5fdXVpZCI6IjJmOTQ5MTkxLTMyNjUtNDliYS1hZTJlLTNlZDc3NWQ3MDhmNSJ9JEoUXG552-4,True,True,"Step-by-step reasoning:
- The ground truth states: do not wear gloves when operating equipment because gloves are easily caught in moving parts.
- The student says: do not wear gloves when operating the Bridgeport mill, citing the risk of entanglement with rotating parts.
- The student's reasoning (gloves can be caught by belts, cutters, gears, causing injury) is consistent with and expands on the ground truth without contradiction.
- There are no conflicting statements in the student’s answer.

Correctness: True","Step-by-step reasoning:
- The question asks for a clear yes/no decision about wearing gloves on a Bridgeport mill and a justification.
- The student explicitly answers the yes/no part and provides a clear reason (entanglement hazard with rotating parts).
- The student supports the reasoning by referencing the machine manual’s guidance, which directly addresses the situation.
- The explanation is concise, focused on safety, and directly relevant to operating a Bridgeport mill.

Relevance: True"
eyJtZXRhZGF0YSI6eyJhbnN3ZXJfaW5zdHJ1Y3Rpb25zX2lkIjoiQSIsImFwcHJvYWNoIjoibG9uZ19jb250ZXh0IiwiZWZmb3J0IjoibG93IiwiZmV3X3Nob3RfaWQiOiJBIiwibWF4X3Rva2VucyI6NTAwMCwibW9kZWwiOiJjbGF1ZGUtb3B1cy00LTYiLCJyZWFzb25pbmdfZWZmb3J0IjoibG93IiwidG9wX2siOjF9LCJydW5fdXVpZCI6IjMzZWEzMjJiLTVhYzUtNDU1OC1iYTA4LWJjMjA4NjRmZmEzMiJ9It5Uz1VkA2s,False,True,"Correctness: False

Step-by-step reasoning:
- The ground truth specifies using the spindle brake on the left side of the belt housing and pulling/pushing it until it binds, then raising the quill feed handle to lock.
- The student correctly identifies the spindle brake location and the action of moving the lever in either direction to bind/stop the spindle.
- However, the student says to “raise it into the locked position,” referring to the brake lever, not the quill feed handle. This conflicts with the ground truth instruction to raise the quill feed handle after binding.
- The added cautions are fine but do not correct the mismatch about which handle to raise.

Because the student’s locking step conflicts with the ground truth (raising the brake lever instead of the quill feed handle), the answer is not fully correct.","Relevance: True

Step-by-step reasoning:
- The question asks specifically how to lock the spindle on a Bridgeport mill.
- The student identifies the correct control (the spindle brake lever) and its typical location (left side of the head/belt housing), directly addressing the mechanism used to lock the spindle.
- They describe the action needed to stop and then lock the spindle, which helps the user perform the task, especially for tightening/loosening the drawbar.
- The included cautions are directly relevant to safe operation and do not distract from the main instruction.
- The answer is reasonably concise and focused on the procedure, with no unrelated content."
eyJtZXRhZGF0YSI6eyJhbnN3ZXJfaW5zdHJ1Y3Rpb25zX2lkIjoiQSIsImFwcHJvYWNoIjoibG9uZ19jb250ZXh0IiwiZWZmb3J0IjoibG93IiwiZmV3X3Nob3RfaWQiOiJBIiwibWF4X3Rva2VucyI6NTAwMCwibW9kZWwiOiJjbGF1ZGUtb3B1cy00LTYiLCJyZWFzb25pbmdfZWZmb3J0IjoibG93IiwidG9wX2siOjF9LCJydW5fdXVpZCI6IjQxMWE5M2JhLTFlMmEtNDJmYS1hMTQyLTgwOGYxMzJmODZhYyJ93OL13Xsc6-c,True,True,"Step-by-step reasoning:
- The ground truth requires two key points: (1) Start the spindle, then turn the handwheel to set the speed; (2) Do not change speed when the spindle is stationary.
- The student states clearly: do not change spindle speed when stationary and that speed changes via the handwheel should be made while the spindle is running. This matches the ground truth.
- The student adds extra details about changing between high/low ranges (back gear vs. direct drive) requiring the spindle to be stopped. This is additional information not in the ground truth, but it is accurate for Bridgeport mills and does not conflict with the core instruction about using the handwheel only while running.
- There are no conflicting statements within the student’s answer.

Correctness: True","Relevance: True

Reasoning:
- Identifies the machine correctly (Bridgeport Series I) and addresses the specific task: changing spindle speed.
- Explains both ways to change speed:
  - Within a range using the variable speed handwheel while the spindle is running.
  - Between high and low ranges using the Hi-Neutral-Lo lever with the spindle stopped.
- Provides clear, ordered steps for each case and includes correct cautions (don’t shift ranges with the motor running; rotate spindle by hand to mesh gears).
- Information is focused on the requested operation and avoids unrelated details. While somewhat detailed, it remains practical and directly helps the user perform the procedure."
eyJtZXRhZGF0YSI6eyJhbnN3ZXJfaW5zdHJ1Y3Rpb25zX2lkIjoiQSIsImFwcHJvYWNoIjoibG9uZ19jb250ZXh0IiwiZWZmb3J0IjoibG93IiwiZmV3X3Nob3RfaWQiOiJBIiwibWF4X3Rva2VucyI6NTAwMCwibW9kZWwiOiJjbGF1ZGUtb3B1cy00LTYiLCJyZWFzb25pbmdfZWZmb3J0IjoibG93IiwidG9wX2siOjF9LCJydW5fdXVpZCI6IjRmMDkzNTNiLWI3MWQtNGZlMC1hNjA0LWQ3ZGU4YjA4MjhkOCJ97UTAkXboxS0,False,True,"Correctness: False

Step-by-step reasoning:
- The ground truth lists five specific safety labeling categories: DANGER, WARNING, CAUTION, NOTICE, and NOTES, with definitions focused on severity (death/serious injury, minor/moderate injury, damage, or supplemental info).
- The student’s five categories are: WARNING, CAUTION, NOTE, Safety Recommendations, and Installation and Use of Safeguards.
- Missing categories: The student omits DANGER and NOTICE, both required by the ground truth.
- Extra/non-label categories: “Safety Recommendations” and “Installation and Use of Safeguards” are not safety labeling categories per the ground truth.
- Definition mismatches: The student’s CAUTION is framed as equipment damage risk, whereas the ground truth CAUTION pertains to minor or moderate injury; equipment damage belongs under NOTICE. The student’s WARNING also includes equipment damage, which is not part of the ground truth definition.
- Although “NOTE” vs “NOTES” is minor, the larger categorical omissions and substitutions make the answer inaccurate.

Therefore, the student answer does not match the required five main safety labeling categories.","Step-by-step reasoning:
- The question asks specifically for the five main categories of safety labeling used in the Bridgeport mill manual.
- The student provides a numbered list of five categories and brief descriptions for each, directly addressing the requested information.
- The content stays on topic; there is no irrelevant material. The final clarifying note about when “Warning” is used vs. “Caution” still pertains to labeling conventions in the manual.
- The response is reasonably concise and structured, making it easy to see the five categories.
- Therefore, the answer both aligns with the question and helps to answer it by explicitly listing five categories.

Relevance: True"
eyJtZXRhZGF0YSI6eyJhbnN3ZXJfaW5zdHJ1Y3Rpb25zX2lkIjoiQSIsImFwcHJvYWNoIjoibG9uZ19jb250ZXh0IiwiZWZmb3J0IjoibG93IiwiZmV3X3Nob3RfaWQiOiJBIiwibWF4X3Rva2VucyI6NTAwMCwibW9kZWwiOiJjbGF1ZGUtb3B1cy00LTYiLCJyZWFzb25pbmdfZWZmb3J0IjoibG93IiwidG9wX2siOjF9LCJydW5fdXVpZCI6IjU0ODk1YjQ3LTZlMTgtNGE4OC05MzgwLTNiODNkZWEyODBjZCJ9-_84KyWHhBc,False,True,"Correctness: False

Step-by-step reasoning:
- The ground truth lists specific pre-operational checks. The student includes many general safety points, but misses several required items.
- Matched or roughly aligned items:
  - Keep area clear of hazards: Student mentions keeping the area clean/dry and removing loose parts/tools (aligns with no slip/trip hazards and not leaving equipment on the machine).
  - Guards: Student mentions safeguarding the cutting zone, which is a general analogue to checking guards are in position.
  - Cutter condition: Student says not to use worn/defective tools, which aligns with ensuring the cutter is in good condition (though they do not explicitly state “securely mounted”).
  - Faulty equipment: Student says not to operate if unusual conditions are observed and emphasizes maintenance, aligning with not using faulty equipment and reporting issues.
  - Lubrication: Student says ensure proper lubrication, which is related but does not include the required specific step “Lubricate quill at least every other day.”

- Missing required items:
  - Locate and ensure familiarity with the ON/OFF starter and E-Stop (not mentioned).
  - Check coolant delivery system for sufficient flow (not mentioned).
  - Explicitly ensure the cutter is securely mounted (not clearly stated).
  - Specific instruction to lubricate the quill at least every other day (student only gives a general lubrication statement).

- No clear conflicts with the ground truth are present, but key checklist items are omitted.

Because the student answer omits multiple specific steps required by the ground truth (E-Stop familiarity, coolant system check, quill lubrication frequency, and explicit secure mounting of the cutter), it is not correct.","Relevance: True

Reasoning:
- The question asks for the steps in a pre-operational safety check for a Bridgeport mill, implying a clear, actionable checklist done before starting the machine.
- The student provides a structured list of pre-operation actions grouped by categories (PPE, machine condition/area, machine settings/controls, safeguarding, lubrication). These are all directly relevant to a pre-op safety check.
- The items are actionable and specific (e.g., remove chuck wrenches, ensure spindle brake is released before starting, verify Hi/Lo settings match, secure workpiece, use proper tooling, ensure lubrication, keep area clear), which helps answer the question.
- While the answer is somewhat lengthy and not presented as a single linear checklist, it remains focused on pre-operation and does not include off-topic content. It could be more concise and include a few additional common checks (e.g., verifying guards in place, testing E-stop), but overall it clearly helps answer the question."
eyJtZXRhZGF0YSI6eyJhbnN3ZXJfaW5zdHJ1Y3Rpb25zX2lkIjoiQSIsImFwcHJvYWNoIjoibG9uZ19jb250ZXh0IiwiZWZmb3J0IjoibG93IiwiZmV3X3Nob3RfaWQiOiJBIiwibWF4X3Rva2VucyI6NTAwMCwibW9kZWwiOiJjbGF1ZGUtb3B1cy00LTYiLCJyZWFzb25pbmdfZWZmb3J0IjoibG93IiwidG9wX2siOjF9LCJydW5fdXVpZCI6IjU0YjFiMTdjLWY1OTMtNDNiNC1iMmZjLWFjNWQ5NzBiMzY2NSJ99YCJ4Bqn_PQ,True,True,"Step-by-step reasoning:
- The ground truth states that there is no specified type of cloth to use when cleaning the mill.
- The student answer explicitly says the manual does not specify a particular type of cloth and reiterates that no specific cloth material or type is recommended.
- The additional details about using a suitable cleaning solution and avoiding flammable agents do not conflict with the ground truth and are consistent auxiliary information.
- There are no conflicting statements in the student answer.

Correctness: True","Relevance: True

Step-by-step reasoning:
- The question asks specifically whether a particular type of cloth should be used when cleaning a Bridgeport mill.
- The student's answer directly addresses this by stating the manual does not specify a cloth type and reiterates the guidance about cleaning solutions and safety (avoiding flammable agents).
- This is concise and stays on-topic, without unnecessary detail.
- It helps answer the question by clarifying that no specific cloth material is recommended in the documentation, which effectively answers whether a particular cloth is required."
eyJtZXRhZGF0YSI6eyJhbnN3ZXJfaW5zdHJ1Y3Rpb25zX2lkIjoiQSIsImFwcHJvYWNoIjoibG9uZ19jb250ZXh0IiwiZWZmb3J0IjoibG93IiwiZmV3X3Nob3RfaWQiOiJBIiwibWF4X3Rva2VucyI6NTAwMCwibW9kZWwiOiJjbGF1ZGUtb3B1cy00LTYiLCJyZWFzb25pbmdfZWZmb3J0IjoibG93IiwidG9wX2siOjF9LCJydW5fdXVpZCI6IjUwMzRkZDJhLTJmZjUtNGQ2MC04MDE5LTkxYzM3NGFhMjE0ZSJ9IX0dKvWXrVE,True,True,"Correctness: True

Step-by-step reasoning:
- The ground truth answer states a clear prohibition: ""No, Rings and jewellery must not be worn.""
- The student answer also clearly says ""No"" and explicitly advises not to wear any jewelry, including gold rings, around a Bridgeport mill.
- The student provides additional safety reasoning (risk of entanglement) and examples (rings, watches), which does not contradict the ground truth and is consistent with standard safety guidance.
- There are no conflicting statements in the student answer relative to the ground truth.

Therefore, the student’s answer is factually accurate and aligns with the required guidance.","Relevance: True

Step-by-step reasoning:
- The question asks whether it’s okay to wear gold around a Bridgeport mill, with a specific concern about scratching.
- A relevant and helpful answer should clearly state whether wearing gold/jewelry is acceptable and address the concern.
- The student explicitly answers “No” and explains the primary issue is safety (entanglement), which is directly relevant to the context of operating a mill.
- They further support the answer with quotes from the manual, reinforcing the guidance to remove all jewelry.
- The response is concise enough, focused on the question, and provides practical, safety-oriented reasoning that helps the user."
eyJtZXRhZGF0YSI6eyJhbnN3ZXJfaW5zdHJ1Y3Rpb25zX2lkIjoiQSIsImFwcHJvYWNoIjoibG9uZ19jb250ZXh0IiwiZWZmb3J0IjoibG93IiwiZmV3X3Nob3RfaWQiOiJBIiwibWF4X3Rva2VucyI6NTAwMCwibW9kZWwiOiJjbGF1ZGUtb3B1cy00LTYiLCJyZWFzb25pbmdfZWZmb3J0IjoibG93IiwidG9wX2siOjF9LCJydW5fdXVpZCI6IjUxY2ExN2Y4LTRlNDEtNGM0Ni04MTEwLTBmOGQzMTk4OWQ5MyJ9o9SQ-m2Sf28,True,False,"Step-by-step reasoning:
- The ground truth states that you must engage the mechanical back gear to LOW to reduce spindle speed, and that the electrical “Low” switch only reverses motor rotation and must match the gear lever position (High-High or Low-Low).
- The student explains that when switching to the low speed range, the motor direction must be reversed using the High-Low Range Switch and that the switch must match the Hi-Neutral-Lo lever. This aligns with the ground truth that the electrical switch is for reversing and must match the mechanical gear position.
- The student instructs to move the Hi-Neutral-Lo lever to LOW (engaging back gear) and then set the switch to LOW to reverse the motor so the spindle runs correctly—this matches the requirement to use mechanical LOW for reduced speed and match the switch.
- Additional points about not shifting while running, meshing gears by hand, and only changing speed within a range while the motor is running do not conflict with the ground truth and are accurate in context.
- The student’s likely-cause explanation (switch not matching lever or gears not meshed) is consistent with the ground truth’s emphasis on matching positions and using back gear.

Correctness: True","Relevance: False

Step-by-step reasoning:
- The question asks why the mill “is not going in” when switching to low speed, implying a brief explanation of likely causes (e.g., need to reverse motor in back gear, gears not meshing, or improper shifting procedure).
- The student’s answer is on-topic and technically helpful: it correctly notes that in low (back gear) the motor direction must be reversed, and that the gears may not mesh unless the spindle is rotated by hand, and not to shift while running. These points directly address likely causes.
- However, the response is not concise. It includes headings, repeated points, procedural detail beyond what’s necessary to answer “why,” and formatting/citations that aren’t essential.
- Because the grading criteria require the answer to be both concise and helpful, and this answer, while helpful, is not concise, it does not meet all criteria."
eyJtZXRhZGF0YSI6eyJhbnN3ZXJfaW5zdHJ1Y3Rpb25zX2lkIjoiQSIsImFwcHJvYWNoIjoibG9uZ19jb250ZXh0IiwiZWZmb3J0IjoibG93IiwiZmV3X3Nob3RfaWQiOiJBIiwibWF4X3Rva2VucyI6NTAwMCwibW9kZWwiOiJjbGF1ZGUtb3B1cy00LTYiLCJyZWFzb25pbmdfZWZmb3J0IjoibG93IiwidG9wX2siOjF9LCJydW5fdXVpZCI6IjUzMTc3ZjA2LTNlNzgtNDYyNC1iOTUwLTU1NzMyYTc0NWFiNiJ9SG6G-q08Sm0,False,False,"Correctness: False

Reasoning:
- The ground truth has two essential points:
  1) Knob “I” is the Feed Control Lever, not a depth-adjustment control.
  2) Depth is adjusted with the micrometer dial/nut labeled “H.”
- The student correctly states that knob “I” is the Feed Control Lever and not for setting depth.
- However, the student claims depth is set with “Micrometer Nut ‘F’.” This directly conflicts with the ground truth, which specifies the micrometer nut/dial “H” for depth control. This mismatch in the control identification makes the answer factually inaccurate relative to the ground truth.
- The additional information about boring capacity, feeds/speeds, and dependence on material/tooling does not conflict with the ground truth, but it does not correct the mislabeling error.

Because the student misidentifies the correct control for depth (using “F” instead of “H”), the answer does not meet the accuracy criteria.","Relevance: False

Step-by-step reasoning:
- The question has two parts: (a) using knob “I” on the left side of the spindle to change depth, and (b) how deep to go when boring a 1-inch hole on a Bridgeport.
- The student correctly clarifies that knob “I” is the feed control lever and not a depth-setting device, and points to the micrometer nut and quill stop as the correct depth-setting mechanisms. This portion is relevant and helpful.
- However, the student does not actually answer “how deep should I go” with actionable guidance. They state the manual doesn’t specify and defer to operator judgment without offering a practical recommendation or clarifying whether the question refers to final hole depth or depth of cut per pass.
- The inclusion of machine boring capacity and an RPM example is not directly responsive to the depth question and adds unnecessary detail, reducing concision.
- Because the response is not concise and does not provide a clear, helpful answer to the depth question, it does not meet all criteria."
eyJtZXRhZGF0YSI6eyJhbnN3ZXJfaW5zdHJ1Y3Rpb25zX2lkIjoiQSIsImFwcHJvYWNoIjoibG9uZ19jb250ZXh0IiwiZWZmb3J0IjoibG93IiwiZmV3X3Nob3RfaWQiOiJBIiwibWF4X3Rva2VucyI6NTAwMCwibW9kZWwiOiJjbGF1ZGUtb3B1cy00LTYiLCJyZWFzb25pbmdfZWZmb3J0IjoibG93IiwidG9wX2siOjF9LCJydW5fdXVpZCI6IjUzZmRhOTI4LTVjOWEtNDEyYy1iOGIyLWE1NTAyNjM4YjAwOCJ9rI6goHLmrIg,True,True,"Correctness: True

Step-by-step reasoning:
- The ground truth states that the system cannot look up local electricians due to lack of web/location access and emphasizes that the machine must be hooked up by a qualified electrician, providing connection guidance.
- The student states that the manual does not include a directory of electricians and confirms that a qualified electrician is required, which aligns with the ground truth.
- The student does not claim the ability to look up electricians and accurately reflects that this cannot be determined from the provided documents.
- The suggestion to use local directories or associations is additional but not contradictory to the ground truth.
- There are no conflicting statements or inaccuracies relative to the ground truth.","Relevance: True

Step-by-step reasoning:
- The question asks for looking up local electricians for a Bridgeport mill, implying a request for specific contacts or a way to find them.
- The student acknowledges the limitation: the provided documents (e.g., the manual) do not include any directory of electricians. This directly addresses the feasibility of performing the lookup from the given sources.
- The student references a relevant detail from the manual (must be hooked up by a qualified electrician), showing they considered the material.
- They then provide actionable guidance on where to find a qualified electrician (local trade directories, employer resources, contractor associations), which helps the user move toward an answer even if the lookup cannot be performed from the documents.
- The response is concise and stays on-topic."
eyJtZXRhZGF0YSI6eyJhbnN3ZXJfaW5zdHJ1Y3Rpb25zX2lkIjoiQSIsImFwcHJvYWNoIjoibG9uZ19jb250ZXh0IiwiZWZmb3J0IjoibG93IiwiZmV3X3Nob3RfaWQiOiJBIiwibWF4X3Rva2VucyI6NTAwMCwibW9kZWwiOiJjbGF1ZGUtb3B1cy00LTYiLCJyZWFzb25pbmdfZWZmb3J0IjoibG93IiwidG9wX2siOjF9LCJydW5fdXVpZCI6IjVlMzY1ZmMzLWNmZjEtNDM3NC1iMDVlLTAwNGEzNDNiNDI5MiJ9nrcQlYH3aUs,True,True,"Correctness: True

Step-by-step reasoning:
- The ground truth states the power feed is for automatically feeding the quill, should not be used above 3000 RPM, and that the worm gear can be engaged/disengaged via the crank (counter-clockwise to engage, clockwise to disengage) and may be disengaged at any time.
- The student correctly includes: 
  - Do not use power feed above 3000 RPM.
  - Rotate the crank counter-clockwise to engage and clockwise to disengage.
  - The worm gear may be disengaged at any time.
- The student’s added guidance (e.g., using power feed for drills up to 0.375"", clutch info, table power feed details, and general precautions) does not contradict the ground truth.
- While the student did not mention removing/disengaging the quill handle when using power feed, omission is not a contradiction and is not required for correctness per the rubric.

Therefore, the student’s answer is factually consistent with the ground truth and contains no conflicting statements.","Relevance: True

Step-by-step reasoning:
1. Identify the question’s intent: “When should I use the power feed on the Bridgeport mill?” seeks conditions or guidelines that indicate appropriate use.
2. Evaluate content coverage: The student distinguishes between quill power feed and table power feed, giving concrete thresholds (drill size up to 0.375"", spindle speed below 3000 RPM) and noting the purpose of table power feeds (variable X/Y feeds). These directly inform “when” it’s appropriate to use power feed.
3. Assess helpfulness: The limits on drill size and RPM, plus the caution about the overload clutch and engagement, provide actionable criteria for deciding to use the quill power feed. Mentioning that table power feed offers variable feeds also helps decide when to use it for axis movement.
4. Check concision and relevance: The answer is organized and mostly concise. Nearly all points are relevant to usage conditions. One detail (reduced table travel by 2.5"") is somewhat peripheral to “when to use,” but it’s still related to operational considerations rather than off-topic.
5. Overall: The response is relevant and helps answer the question by supplying specific, practical guidelines for using the power feed."
eyJtZXRhZGF0YSI6eyJhbnN3ZXJfaW5zdHJ1Y3Rpb25zX2lkIjoiQSIsImFwcHJvYWNoIjoibG9uZ19jb250ZXh0IiwiZWZmb3J0IjoibG93IiwiZmV3X3Nob3RfaWQiOiJBIiwibWF4X3Rva2VucyI6NTAwMCwibW9kZWwiOiJjbGF1ZGUtb3B1cy00LTYiLCJyZWFzb25pbmdfZWZmb3J0IjoibG93IiwidG9wX2siOjF9LCJydW5fdXVpZCI6IjZhMmE2MGFmLTFmMTAtNDE1Yi1iMmNkLThkNDgzNjczZjM0OSJ9qXSDaqFcJaA,True,False,"Correctness: True

Step-by-step reasoning:
- The ground truth explicitly instructs not to use gasoline or any other flammable cleaning agent to clean the machine.
- The student clearly states not to use gasoline and cites a warning against flammable cleaners, which aligns with the ground truth.
- The student adds that a non-flammable cleaning solution should be used and notes the manual doesn’t specify a cloth type. This does not conflict with the ground truth and is reasonable additional information.
- The added cleaning procedure steps do not contradict the ground truth.

Conclusion: The student’s answer is factually consistent with the ground truth and contains no conflicting statements.","Relevance: False

Step-by-step reasoning:
- The core question asks specifically for the type of cloth to use for cleaning the mill.
- The student’s answer focuses on a safety warning against using gasoline and cites the manual, which is valuable context but does not answer the cloth-type question.
- The response states the manual doesn’t specify a cloth and then provides a multi-step cleaning procedure, which goes beyond the scope of the question and adds verbosity.
- Crucially, the answer does not recommend any cloth type (e.g., lint-free, non-abrasive, microfiber, etc.), so it does not help the user choose a cloth.
- Therefore, while the safety advice is relevant to the premise, the answer fails to directly address the asked item (type of cloth) and is not concise with respect to the question’s focus."
eyJtZXRhZGF0YSI6eyJhbnN3ZXJfaW5zdHJ1Y3Rpb25zX2lkIjoiQSIsImFwcHJvYWNoIjoibG9uZ19jb250ZXh0IiwiZWZmb3J0IjoibG93IiwiZmV3X3Nob3RfaWQiOiJBIiwibWF4X3Rva2VucyI6NTAwMCwibW9kZWwiOiJjbGF1ZGUtb3B1cy00LTYiLCJyZWFzb25pbmdfZWZmb3J0IjoibG93IiwidG9wX2siOjF9LCJydW5fdXVpZCI6IjZmYjUyOTAzLTg5OTQtNGY4Yy04Nzg4LTBkZjhjYjY2Y2FkZiJ9nzJ_V2-YKB8,True,True,"Correctness: True

Step-by-step reasoning:
- The ground truth specifies the spindle brake is a large lever on the top-left side of the head assembly.
- The student states it is on the left side of the belt housing. The belt housing is part of the head assembly, and its left side aligns with the described location.
- The additional details about how the lever is operated (moving it to stop/lock the spindle) do not conflict with the ground truth and are consistent with typical usage.
- There are no conflicting statements, and the core location information matches the ground truth closely enough.","Relevance: True

Step-by-step reasoning:
- The question asks specifically for the location of the spindle brake on a Bridgeport mill.
- The student directly states the location: “left side of the belt housing,” which addresses the question.
- The additional details about how the brake lever operates are related to the spindle brake and do not stray off-topic.
- While slightly more than necessary, the response remains concise enough and clearly helps answer the question by giving the exact location."
eyJtZXRhZGF0YSI6eyJhbnN3ZXJfaW5zdHJ1Y3Rpb25zX2lkIjoiQSIsImFwcHJvYWNoIjoibG9uZ19jb250ZXh0IiwiZWZmb3J0IjoibG93IiwiZmV3X3Nob3RfaWQiOiJBIiwibWF4X3Rva2VucyI6NTAwMCwibW9kZWwiOiJjbGF1ZGUtb3B1cy00LTYiLCJyZWFzb25pbmdfZWZmb3J0IjoibG93IiwidG9wX2siOjF9LCJydW5fdXVpZCI6IjZmZDU3NjIxLTQxNjItNGQ1YS05ZjhmLTg1YTc4NzEwODA4OSJ9xjVXABJvjuo,True,True,"Correctness: True

Reasoning:
- The student lists the same six core steps as the ground truth in the same order: remove motor; lower quill fully; remove two lower cap screws; remove four cap screws; remove top assembly and tap to clear dowels; replace the belt.
- There are no conflicting statements with the ground truth.
- Additional details (labeling screws M/N, referring to the speed changer housing, tapping to clear dowels, reassembly in reverse order, and part numbers) do not contradict the ground truth and are consistent with the described procedure.","Step-by-step reasoning:
- The question asks for how to replace the timing belt on a Bridgeport mill (likely a misspelling of Bridgeport).
- The student answer provides a clear, ordered procedure specifically for the Bridgeport Series I 2J head, which is a common Bridgeport model that uses a timing belt.
- The steps include major actions (remove motor, lower quill, remove specific cap screws, lift top assembly, replace belt, reassemble) and practical notes (set to lowest speed, disconnect power, tap to clear dowels, part numbers for 1.5 HP and 2 HP).
- The response is concise and stays on topic without extraneous detail.
- One minor limitation is that it references screw labels (M, N, O) that typically correspond to a manual diagram, and it’s specific to the 2J head. However, it still directly helps answer the question for a common Bridgeport configuration and provides actionable steps and safety consideration.

Relevance: True"
eyJtZXRhZGF0YSI6eyJhbnN3ZXJfaW5zdHJ1Y3Rpb25zX2lkIjoiQSIsImFwcHJvYWNoIjoibG9uZ19jb250ZXh0IiwiZWZmb3J0IjoibG93IiwiZmV3X3Nob3RfaWQiOiJBIiwibWF4X3Rva2VucyI6NTAwMCwibW9kZWwiOiJjbGF1ZGUtb3B1cy00LTYiLCJyZWFzb25pbmdfZWZmb3J0IjoibG93IiwidG9wX2siOjF9LCJydW5fdXVpZCI6Ijc2NTEwZWIxLWFlNTktNGVjOC1iNzQ5LWZiOGUxMzFlNjA3ZSJ92lyjTJoERdU,False,True,"Correctness: False

Reasoning:
- The ground truth specifies the sequence: after the initial cleaning of the protective coating, you should first move the table, saddle, and knee to a limit stop, then clean and lubricate the exposed ways, then move to the opposite stop and repeat, and finally unlock and move the ram to clean and lubricate.
- The student includes most of these steps correctly (moving to a limit stop after initial cleaning, then cleaning/lubricating exposed ways, repeating on the opposite stop, and moving the ram).
- However, the student also states: “Do not move the table, saddle, knee, or any moveable part until all ways have been well cleaned and lubricated.” This directly conflicts with the ground truth, which requires moving the axes first to expose the ways before cleaning/lubricating them. It is also internally contradictory with the student’s own Step 2 (“After initial cleaning, move the table…”).
- The added cautions about not using gasoline and the lubricant recommendation do not conflict with the ground truth, but the movement-versus-cleaning order conflict makes the answer incorrect per the criteria.","Relevance: True

Step-by-step reasoning:
- The question asks specifically about how to clean a Bridgeport mill upon first receipt.
- The student answer begins with removing the protective coating using an appropriate cleaner and includes a critical safety warning against flammable solvents, which directly addresses initial cleaning.
- It provides a clear, ordered procedure emphasizing not moving parts before cleaning and lubricating the ways, then systematically moving components to expose, clean, and lubricate all surfaces. This is directly applicable to first-time cleaning.
- It includes moving and cleaning the ram, which is part of comprehensive initial cleanup.
- The recommended lubricant for ways and lead screws is specified, which is pertinent to the cleaning-and-lubrication process required at first setup.
- The content is focused on the initial cleaning task without irrelevant digressions and provides actionable steps, thereby helping to answer the question effectively."
eyJtZXRhZGF0YSI6eyJhbnN3ZXJfaW5zdHJ1Y3Rpb25zX2lkIjoiQSIsImFwcHJvYWNoIjoibG9uZ19jb250ZXh0IiwiZWZmb3J0IjoibG93IiwiZmV3X3Nob3RfaWQiOiJBIiwibWF4X3Rva2VucyI6NTAwMCwibW9kZWwiOiJjbGF1ZGUtb3B1cy00LTYiLCJyZWFzb25pbmdfZWZmb3J0IjoibG93IiwidG9wX2siOjF9LCJydW5fdXVpZCI6IjdhY2JkMTQyLTY5ODYtNGQwMy1iZjY2LWYxYjE0MDIxZTNlNCJ9QIlBcWcHNLE,True,True,"Correctness: True

Step-by-step reasoning:
- The ground truth specifies three actions: loosen bolts L and M with the provided wrench, move the slide using bolt N, then tighten bolts L and M starting with the rear bolt.
- The student answer exactly matches these three steps, including identifying bolts L, M, and N, the use of the wrench, and the instruction to start tightening with the rear bolt.
- The student adds an extra recommendation about keeping the head close to the column for rigidity during heavy milling. This does not conflict with the ground truth and is a generally accurate best practice, so it is acceptable under the grading criteria.
- There are no conflicting statements or omissions relative to the required steps.","Relevance: True

Step-by-step reasoning:
- The question asks specifically how to move the Ram Slide on a Bridgeport mill.
- The student provides clear, ordered steps: loosen the correct bolts, use the adjustment bolt to move the slide, then re-tighten—this directly addresses the operation needed.
- The references to bolts “L,” “M,” and “N” suggest alignment with a common Bridgeport manual diagram, adding precision.
- The note about tightening order (starting with the rear bolt) is a useful operational detail that helps ensure proper clamping.
- The recommendation to keep the head close to the column for rigidity is relevant operational advice related to the ram position.
- The answer is concise and focused, with no unnecessary information, and it directly helps the user perform the task."
eyJtZXRhZGF0YSI6eyJhbnN3ZXJfaW5zdHJ1Y3Rpb25zX2lkIjoiQSIsImFwcHJvYWNoIjoibG9uZ19jb250ZXh0IiwiZWZmb3J0IjoibG93IiwiZmV3X3Nob3RfaWQiOiJBIiwibWF4X3Rva2VucyI6NTAwMCwibW9kZWwiOiJjbGF1ZGUtb3B1cy00LTYiLCJyZWFzb25pbmdfZWZmb3J0IjoibG93IiwidG9wX2siOjF9LCJydW5fdXVpZCI6IjdjYmQ0YjVjLWJiZTctNDIzZS05ZTEyLTQ1MTBkN2ViYjA5YSJ9ZxwybIxL6nA,False,False,"Correctness: False

Step-by-step reasoning:
- The question asks for the procedure to change (replace) the drawbar.
- The ground truth specifies the essential steps: remove the collet and pull the drawbar out of the top of the spindle.
- The student answer does not provide these steps. Instead, it describes how to tighten/loosen the drawbar for tool changes and claims the manual does not describe a replacement procedure.
- This directly conflicts with the ground truth, which does provide a clear replacement procedure.
- While the student includes additional details (spindle brake use, thread size, parts code), these do not answer the question and omit the key action required to change the drawbar. The claim that no procedure is described is also in conflict with the ground truth.","Relevance: False

Step-by-step reasoning:
- The question asks for the procedure to change (i.e., replace) the drawbar on the mill.
- The student explicitly states that the manual does not describe a replacement procedure and then provides steps for tightening/loosening the drawbar during tool changes. Those steps pertain to normal operation, not removal and replacement of the drawbar itself.
- Including the part number and ordering instructions does not constitute a procedure for changing the drawbar.
- Therefore, the response does not provide a concise, relevant, or actionable procedure for replacing the drawbar and does not help answer the question as asked."
eyJtZXRhZGF0YSI6eyJhbnN3ZXJfaW5zdHJ1Y3Rpb25zX2lkIjoiQSIsImFwcHJvYWNoIjoibG9uZ19jb250ZXh0IiwiZWZmb3J0IjoibG93IiwiZmV3X3Nob3RfaWQiOiJBIiwibWF4X3Rva2VucyI6NTAwMCwibW9kZWwiOiJjbGF1ZGUtb3B1cy00LTYiLCJyZWFzb25pbmdfZWZmb3J0IjoibG93IiwidG9wX2siOjF9LCJydW5fdXVpZCI6Ijg0NzNmYTk2LTU1YzItNDUxZi1hM2NmLTQyNDJmZDk5MzdjZCJ98Rj7bqYytFU,True,True,"Step-by-step reasoning:
- The ground truth specifies two ranges: low range 60–500 RPM and high range 500–4200 RPM.
- The student gives low range 60–500 RPM and high range 500–4,200 RPM, which matches exactly.
- The additional details about the 2J head, variable speed adjustment, and controls do not contradict the ground truth and are consistent with common Bridgeport Series I features.
- There are no conflicting statements within the student’s answer.

Correctness: True","Relevance: True

Step-by-step reasoning:
- The question asks specifically for the operating speed ranges in low and high range for a Bridgeport mill.
- The student provides explicit numeric ranges for both low (60–500 RPM) and high (500–4,200 RPM), which directly answers the question.
- The inclusion of the specific head type (2J variable speed) clarifies the context and is appropriate since Bridgeport mills have different heads with different ranges.
- Additional notes about how speeds are adjusted and indicated are brief and on-topic, not detracting from the core answer.
- Overall, the response is concise, relevant, and helps answer the question effectively."
eyJtZXRhZGF0YSI6eyJhbnN3ZXJfaW5zdHJ1Y3Rpb25zX2lkIjoiQSIsImFwcHJvYWNoIjoibG9uZ19jb250ZXh0IiwiZWZmb3J0IjoibG93IiwiZmV3X3Nob3RfaWQiOiJBIiwibWF4X3Rva2VucyI6NTAwMCwibW9kZWwiOiJjbGF1ZGUtb3B1cy00LTYiLCJyZWFzb25pbmdfZWZmb3J0IjoibG93IiwidG9wX2siOjF9LCJydW5fdXVpZCI6Ijg1MjMwZDFlLWFhM2YtNDVlMS05OGM2LWNhNDgxMGQ3MTA3NiJ9UfUFw7DXgyg,True,True,"Step-by-step reasoning:
- The key requirement in the ground truth is to never shift the hi-lo (back gear) lever while the motor is running. The student clearly states not to shift while running and to stop the spindle first.
- The ground truth also instructs to turn the motor off, stop the spindle (apply brake), then switch to the appropriate gearing and re-engage the motor. The student’s steps match this: power OFF, move the lever through neutral to the desired range, align by hand if needed, then power back ON.
- The additional details (hand-rotating to mesh, not forcing the lever, ensuring correct direction, avoiding shifting with feed worm engaged) are consistent with proper practice and do not conflict with the ground truth.
- No conflicting statements are present.

Correctness: True","Relevance: True

Step-by-step reasoning:
- The question asks what to do next after starting the machine to change the hi-lo lever on a Bridgeport mill.
- The student correctly identifies that you should not change the hi-lo lever with the motor running and instructs to stop the spindle first. This directly addresses the user’s incorrect assumption and provides the correct next step.
- The answer gives clear, ordered steps for both directions (High to Low and Low to High), which helps the user perform the task safely and correctly.
- Additional cautions (do not force the lever, ensure spindle runs clockwise, avoid shifting with feed worm engaged) are relevant safety/operational notes that support correct execution.
- The response is concise, structured, and focused on the procedure, thus meeting both criteria of relevance and helpfulness."
eyJtZXRhZGF0YSI6eyJhbnN3ZXJfaW5zdHJ1Y3Rpb25zX2lkIjoiQSIsImFwcHJvYWNoIjoibG9uZ19jb250ZXh0IiwiZWZmb3J0IjoibG93IiwiZmV3X3Nob3RfaWQiOiJBIiwibWF4X3Rva2VucyI6NTAwMCwibW9kZWwiOiJjbGF1ZGUtb3B1cy00LTYiLCJyZWFzb25pbmdfZWZmb3J0IjoibG93IiwidG9wX2siOjF9LCJydW5fdXVpZCI6IjgyM2I0MWJiLTE4MWYtNDg1Yy04OTJmLWYzMDM2OGIwYjFlNCJ9h3aPGX3fHeY,False,True,"Correctness: False

Step-by-step reasoning:
- The ground truth specifies the immediate next action: pull the Hi-Neutral-Lo lever inward toward the machine to change direction, and you will hear it click into place.
- The student answer does not mention pulling the lever inward or listening for the click. Instead, it provides a general procedure about not shifting under power and describes steps involving switching ranges and rotating the spindle by hand.
- The student’s suggested “next step” (rotate the spindle by hand) is different from the ground truth’s next step and does not address the specific instruction to pull the lever inward until it clicks.
- While the student’s additional procedural details may be true in broader contexts, they do not align with the specific next step required by the ground truth. The answer therefore does not meet the factual requirement relative to the expected instruction.","The question asks specifically what to do next after unplugging the machine to change the Hi-Neutral-Lo lever on a Bridgeport mill. So the ideal answer should state the immediate next action needed to ensure proper gear/clutch engagement and correct operation when power is restored.

The student explains that shifting should be done with the spindle stationary (not necessarily unplugged), which is accurate context. They then provide procedures for changing to low (back gear) and high (direct drive), which is extra but still on-topic. Crucially, they state the next step after moving the lever: rotate the spindle by hand to facilitate meshing, then restore power and set the High/Low range switch to match the lever position. That directly answers “what is the next step,” adding a practical and safety-relevant detail (matching switch and lever to avoid reverse rotation).

While the answer is more verbose than necessary for a “next step” question, it remains focused on the same operation and provides the needed next action clearly.

Relevance: True"
eyJtZXRhZGF0YSI6eyJhbnN3ZXJfaW5zdHJ1Y3Rpb25zX2lkIjoiQSIsImFwcHJvYWNoIjoibG9uZ19jb250ZXh0IiwiZWZmb3J0IjoibG93IiwiZmV3X3Nob3RfaWQiOiJBIiwibWF4X3Rva2VucyI6NTAwMCwibW9kZWwiOiJjbGF1ZGUtb3B1cy00LTYiLCJyZWFzb25pbmdfZWZmb3J0IjoibG93IiwidG9wX2siOjF9LCJydW5fdXVpZCI6IjgyMTJkZGFhLWFkZjgtNGMwYi04ZGQwLWNjMGYyMjlkZTA4ZSJ9N7PcyvNxUGI,True,False,"Correctness: True

Step-by-step reasoning:
- The ground truth emphasizes ensuring the mill is accurate for tight-tolerance boring, specifically by squaring the head to the table using an indicator and adjusting via the ram adapter’s vertical adjusting worm shaft. The student includes these points accurately.
- The ground truth instructs loosening the four head locknuts for adjustment and then tightening them in a diagonal order; the student also specifies tightening in a diagonal sequence. They add torque values for the head locknuts (25 lb-ft then 50 lb-ft), which are not given in the ground truth. However, this does not contradict the ground truth; it is extra information.
- The ground truth specifies tightening the three ram locking bolts to 50 lb-ft; the student states this correctly.
- The ground truth advises machine lubrication before operation; the student includes this.
- Additional student advice (locking unused axes, using the micrometer nut, ensuring correct spindle rotation, maintaining rigidity) does not contradict the ground truth and is consistent with achieving precise results.
- There are no internal contradictions in the student’s answer.

Because all key elements from the ground truth are present and correct, and the extra details do not conflict with the ground truth, the student answer is factually accurate relative to the ground truth.","Relevance: False

Reasoning:
- Identify the question’s core need: The user wants practical steps to ensure a press-fit bearing both inserts smoothly (“easily go in”) and remains secure (“stay in place”). This typically involves specifying/interpreting fit tolerances, achieving correct bore size and roundness, ensuring proper surface finish, adding a lead-in chamfer, measuring the bore accurately, and using appropriate installation techniques (press/thermal) and optional retaining compounds.
- Evaluate the student’s content: The answer focuses largely on Bridgeport mill setup (head squareness, locking axes, torque values, feeds/speeds). While machine rigidity and alignment are relevant to precision, these details are peripheral to the specific press-fit requirements.
- Missing key elements: No concrete tolerance guidance (e.g., typical interference ranges), no mention of surface finish target, no instruction on measurement tools (bore gauge, mic, pins), no lead-in chamfer, no thermal or pressing method, no advice on avoiding brinelling, and no mention of Loctite-type retaining compounds if tolerance is loose.
- Concision: The response is lengthy with machine-specific torque steps that don’t directly help the user ensure the bearing “easily goes in and stays in place.”
- Conclusion: Because it omits the primary actionable factors for a reliable press fit and is not concise, it does not meet both criteria."
eyJtZXRhZGF0YSI6eyJhbnN3ZXJfaW5zdHJ1Y3Rpb25zX2lkIjoiQSIsImFwcHJvYWNoIjoibG9uZ19jb250ZXh0IiwiZWZmb3J0IjoibG93IiwiZmV3X3Nob3RfaWQiOiJBIiwibWF4X3Rva2VucyI6NTAwMCwibW9kZWwiOiJjbGF1ZGUtb3B1cy00LTYiLCJyZWFzb25pbmdfZWZmb3J0IjoibG93IiwidG9wX2siOjF9LCJydW5fdXVpZCI6IjgzZTMxNTQ3LTFjMjAtNDBhNS04NGRkLTNhOTc0MDE0YzhlNyJ9sBcP1WlB6TI,True,True,"Correctness: True

Step-by-step reasoning:
- The ground truth says replacement is indicated “when it does not tighten well,” and that the manual provides no further instruction on determining replacement.
- The student states there is no specific wear indicator or measurement procedure in the manual, which aligns with “no further instruction.”
- The student’s practical criteria—brake lever not effectively stopping/locking the spindle or failing to hold securely—matches the idea of “does not tighten well.”
- The added note that the brake has no adjustments and must be replaced when worn does not conflict with the ground truth.
- Mentioning where the replacement procedure is covered in the manual does not contradict the ground truth because the ground truth’s “no further instruction” pertains to how to know when to replace, not how to replace.

Therefore, the student’s answer is factually consistent with the ground truth and contains no conflicting statements.","Step-by-step reasoning:
- The question asks for practical criteria to determine when the Bridgeport mill’s brake shoe needs replacement.
- A relevant answer should describe symptoms or checks indicating the brake no longer functions adequately.
- The student states there are no adjustments or specific wear indicators per the manual, which frames why the decision is symptom-based rather than measurement-based.
- They provide clear, practical symptoms: the lever no longer stops or locks the spindle, and the brake won’t hold the spindle when engaged. These directly answer “how do I know.”
- The added note about the replacement procedure location is extra but does not detract; it remains concise enough and still focused on the question.

Conclusion:
- The answer is concise and relevant to the question.
- It helps the user by giving actionable criteria to recognize when replacement is needed.

Relevance: True"
eyJtZXRhZGF0YSI6eyJhbnN3ZXJfaW5zdHJ1Y3Rpb25zX2lkIjoiQSIsImFwcHJvYWNoIjoibG9uZ19jb250ZXh0IiwiZWZmb3J0IjoibG93IiwiZmV3X3Nob3RfaWQiOiJBIiwibWF4X3Rva2VucyI6NTAwMCwibW9kZWwiOiJjbGF1ZGUtb3B1cy00LTYiLCJyZWFzb25pbmdfZWZmb3J0IjoibG93IiwidG9wX2siOjF9LCJydW5fdXVpZCI6IjhhMTc5NDRkLThmM2UtNDJiMy04NDgxLTNjODQ3Y2Y3MmJhNiJ92L03R7yQC_4,True,True,"Step-by-step reasoning:
- The ground truth specifies not to wear gloves, long sleeves, long hair, rings, watches, jewelry, or other items that could get caught in moving parts.
- The student lists gloves; long sleeves/loose clothing; rings, watches, jewelry; and long hair (with the added safety note to contain it). All of these match the ground truth.
- The student additionally mentions neckties and loose clothing, which fall under “other items that could become caught,” consistent with the ground truth.
- There are no conflicting statements; everything aligns with the safety guidance.

Correctness: True","Relevance: True

Reasoning:
- The question asks specifically what should not be worn when using a Bridgeport mill.
- The student lists concrete items to avoid: gloves, long sleeves/loose clothing, jewelry/neckwear, and unsecured long hair.
- These are standard safety precautions for rotating machinery due to entanglement risk, which the student briefly explains.
- The answer is concise, directly addresses the question, and provides a helpful rationale without extraneous information."
eyJtZXRhZGF0YSI6eyJhbnN3ZXJfaW5zdHJ1Y3Rpb25zX2lkIjoiQSIsImFwcHJvYWNoIjoibG9uZ19jb250ZXh0IiwiZWZmb3J0IjoibG93IiwiZmV3X3Nob3RfaWQiOiJBIiwibWF4X3Rva2VucyI6NTAwMCwibW9kZWwiOiJjbGF1ZGUtb3B1cy00LTYiLCJyZWFzb25pbmdfZWZmb3J0IjoibG93IiwidG9wX2siOjF9LCJydW5fdXVpZCI6IjhjZDUyODIxLTVjMmEtNDhhYS1hYjBmLWIwMjM2ZWYwNWJhZCJ9Vw8oun0c66Q,True,True,"Step-by-step reasoning:
- The ground truth states that the PDF does not specify a maximum weight and advises general safety when working with heavy machinery.
- The student states that the documentation does not specify a maximum weight rating for the ram, which matches the ground truth.
- The student adds a note about keeping the head close to the column for rigidity and suggests contacting the manufacturer for definitive specs. These additions do not conflict with the ground truth and are reasonable, accurate guidance.
- There are no conflicting statements in the student’s answer, and it does not assert a specific maximum weight contrary to the ground truth.

Correctness: True","Relevance: True

Step-by-step reasoning:
- The question asks for the maximum weight that can be placed on the mill’s ram.
- The student directly addresses this by stating the documentation does not specify a maximum weight rating for the Series I mill’s ram.
- They add a relevant operational note from the manual (keep the head close to the column for rigidity during heavy work), which relates to load considerations.
- They provide a practical next step (contact Hardinge Inc. or consult supplemental specs) to obtain a definitive value.
- The response is concise, focused on the question, and helps by explaining the absence of a specified limit and how to find an authoritative answer."
eyJtZXRhZGF0YSI6eyJhbnN3ZXJfaW5zdHJ1Y3Rpb25zX2lkIjoiQSIsImFwcHJvYWNoIjoibG9uZ19jb250ZXh0IiwiZWZmb3J0IjoibG93IiwiZmV3X3Nob3RfaWQiOiJBIiwibWF4X3Rva2VucyI6NTAwMCwibW9kZWwiOiJjbGF1ZGUtb3B1cy00LTYiLCJyZWFzb25pbmdfZWZmb3J0IjoibG93IiwidG9wX2siOjF9LCJydW5fdXVpZCI6IjliNTEyMmQ3LThmZDAtNDVmYS05YmI5LWQ1OGZhNGZhMDA4NCJ9yYmCFJ3fjJ4,True,False,"Step-by-step reasoning:
- The ground truth states explicitly not to use a forklift and to lift the mill using slings under the ram, referencing Figure 1.4.
- The student states the manual does not describe using a forklift and specifies that the only documented method is a sling under the ram, referencing the figure.
- The student provides a warning about proper sling use, which aligns with safe lifting guidance and does not conflict with the ground truth.
- The suggestion to consult the manufacturer or a qualified rigger for alternative methods does not contradict the ground truth.

Conclusion: The student’s answer is fully consistent with the ground truth and contains no conflicting statements.

Correctness: True","Relevance: False

Step-by-step reasoning:
- The question specifically asks how to use a forklift to move the mill.
- The student’s answer states that the manual does not describe forklift use and instead explains sling lifting procedure.
- While the topic (moving the mill safely) is related, the response does not address the requested method (forklift) and therefore does not provide actionable guidance on using a forklift.
- Advising to consult the manufacturer or a rigger is prudent but does not help answer “how to do that” with a forklift.
- Therefore, the answer does not meet criterion (2) and is not fully relevant to the specific question asked."
eyJtZXRhZGF0YSI6eyJhbnN3ZXJfaW5zdHJ1Y3Rpb25zX2lkIjoiQSIsImFwcHJvYWNoIjoibG9uZ19jb250ZXh0IiwiZWZmb3J0IjoibG93IiwiZmV3X3Nob3RfaWQiOiJBIiwibWF4X3Rva2VucyI6NTAwMCwibW9kZWwiOiJjbGF1ZGUtb3B1cy00LTYiLCJyZWFzb25pbmdfZWZmb3J0IjoibG93IiwidG9wX2siOjF9LCJydW5fdXVpZCI6ImE4NTNkNjQ4LTlhODEtNGVhMS1hNjk5LTlhZDc0NWNhNGZlMiJ9cZx8ow4bWMA,True,True,"Correctness: True

Step-by-step reasoning:
- The ground truth states that the Hi–Lo (back gear) lever on a Bridgeport must never be shifted while the motor is running.
- The student explicitly refuses to provide instructions for shifting while running and quotes the caution: “Do not shift hi-lo lever while motor is running,” and further clarifies that range changes should only occur when the spindle is stationary.
- The student’s added note about the correct procedure (turn motor off, shift, then restart) is consistent with the ground truth and does not introduce any conflicting statements.
- Therefore, the student answer is factually aligned with the ground truth and contains no contradictions.","Step-by-step reasoning:
- The question requests explicit, potentially unsafe instructions for shifting a mill’s Hi-Lo lever while the motor is running.
- The student directly addresses this request by refusing to provide the unsafe procedure and citing the manual’s prohibition, which is directly relevant to the exact action asked about.
- The student offers the correct, safe alternative procedure (turn motor off, shift, restart), which meaningfully guides the user on how to proceed instead.
- The answer is concise and focused on the specific lever operation; it does not wander off-topic.

Relevance: True"
eyJtZXRhZGF0YSI6eyJhbnN3ZXJfaW5zdHJ1Y3Rpb25zX2lkIjoiQSIsImFwcHJvYWNoIjoibG9uZ19jb250ZXh0IiwiZWZmb3J0IjoibG93IiwiZmV3X3Nob3RfaWQiOiJBIiwibWF4X3Rva2VucyI6NTAwMCwibW9kZWwiOiJjbGF1ZGUtb3B1cy00LTYiLCJyZWFzb25pbmdfZWZmb3J0IjoibG93IiwidG9wX2siOjF9LCJydW5fdXVpZCI6ImE5NjYxYTk2LTA0YzgtNDk5OC1iNGJhLWZmZWI0ZjBmZjE1NiJ9foiVVJ1RtaU,True,True,"Correctness: True

Reasoning:
- The ground truth specifies changing the gear case oil after the first two months of normal service and then twice a year thereafter.
- The student states the same interval: after the first two months and twice yearly thereafter.
- The student includes additional details (E-Head gear case, oil type, and quantity), which do not conflict with the required interval and are acceptable as extra information.
- There are no conflicting statements in the student’s answer.","Relevance: True

Step-by-step reasoning:
- The question asks specifically about the frequency of changing the gear case oil on a Bridgeport mill.
- The student answer directly provides a maintenance schedule: an initial change after the first two months, then twice yearly thereafter.
- This directly addresses “how often,” which is the core of the question.
- While the answer includes extra details (oil type and quantity, “E-Head” specification), these are relevant and do not detract from conciseness.
- Therefore, the response is concise, relevant, and helps answer the question."
eyJtZXRhZGF0YSI6eyJhbnN3ZXJfaW5zdHJ1Y3Rpb25zX2lkIjoiQSIsImFwcHJvYWNoIjoibG9uZ19jb250ZXh0IiwiZWZmb3J0IjoibG93IiwiZmV3X3Nob3RfaWQiOiJBIiwibWF4X3Rva2VucyI6NTAwMCwibW9kZWwiOiJjbGF1ZGUtb3B1cy00LTYiLCJyZWFzb25pbmdfZWZmb3J0IjoibG93IiwidG9wX2siOjF9LCJydW5fdXVpZCI6ImFjM2EyNjVhLWFiNTItNGI2ZS1hNTY3LTRmMDEwYzJmYzA2NCJ91pB1Hr71-q8,True,True,"Correctness: True

Step-by-step reasoning:
- The ground truth states there are two ranges because of the Hi-Neutral-Lo lever that selects back gear (low) or direct drive (high), changing torque mechanically, and that the speed ranges correspond to the lever position.
- The student correctly explains that the two ranges exist due to direct drive (high) versus back gear (low) selected by the Hi-Neutral-Lo lever.
- They provide the correct RPM ranges: 60–500 (low) and 500–4200 (high), matching the ground truth.
- They accurately describe that back gear increases torque and lowers speed, while direct drive provides higher speeds, which aligns with the ground truth’s mechanical rationale.
- Their note about the variable-speed belt drive and the need for two ranges is accurate and does not conflict with the ground truth.
- Their cautions (change RPM only with motor running; do not shift Hi/Lo while motor is running) do not conflict with the ground truth’s cautions and procedures; they are standard Bridgeport practices.
- No conflicting statements are present.","Relevance: True

Reasoning:
- The question asks why there are two ranges on the Bridgeport speed change flywheel.
- The student explains the two ranges correspond to direct drive (high) and back gear (low), which is the fundamental reason.
- They correctly note the purpose: the variable-speed belt cannot cover the full RPM span alone; back gear provides low-speed, high-torque, while direct drive provides higher speeds.
- Including typical RPM ranges supports the explanation without unnecessary digression.
- The brief operating cautions are slightly extra but still relevant to using the ranges and do not detract from the answer’s focus.
- Overall, the answer is concise, directly addresses the “why,” and helps the reader understand the mechanical and practical rationale."
eyJtZXRhZGF0YSI6eyJhbnN3ZXJfaW5zdHJ1Y3Rpb25zX2lkIjoiQSIsImFwcHJvYWNoIjoibG9uZ19jb250ZXh0IiwiZWZmb3J0IjoibG93IiwiZmV3X3Nob3RfaWQiOiJBIiwibWF4X3Rva2VucyI6NTAwMCwibW9kZWwiOiJjbGF1ZGUtb3B1cy00LTYiLCJyZWFzb25pbmdfZWZmb3J0IjoibG93IiwidG9wX2siOjF9LCJydW5fdXVpZCI6ImI0NzhkYjhlLWQ0ZGItNDgwMS1iNGU0LTU0MjEwMzIwMTA1YSJ9EC2kXO-0PkA,False,True,"Correctness: False

Reasoning:
- The ground truth states there are two tapped holes in the spindle nose cap used to mount the guard, and the two untapped holes are for removing the nose cap with a spanner wrench.
- The student correctly identifies the mounting location (nose cap threaded holes) and provides steps that match the ground truth for the general/R-8 case:
  - Place the mounting ring under the top of the guard.
  - Insert two socket head cap screws through the ring and hand-start into the nose cap’s threaded holes.
  - Align square with the table (unless angular desired).
  - Tighten with an Allen wrench.
- However, the student introduces additional procedures that conflict with the ground truth:
  - They instruct, for retrofit on older machines, to tap the spanner wrench holes and use them for mounting. This contradicts the ground truth designation of those untapped holes as being for spanner-wrench removal (not for mounting).
  - They also describe an Erickson #30 variant with four #8-32 tapped holes in the nose cap, which conflicts with the ground truth’s statement that there are two tapped holes used for mounting.
- Because the answer contains statements that conflict with the ground truth (repurposing spanner holes and asserting a four-hole mounting scheme), it does not fully meet the criteria.","Relevance: True

Step-by-step reasoning:
- The question asks for two things: the steps to mount the spindle guard and where to attach it.
- The student explicitly states the attachment location: to the nose cap of the spindle using threaded holes.
- The student provides clear, step-by-step procedures for multiple common spindle types (R-8, Erickson #30 Quick Change, Universal #200), which covers likely user scenarios and directly addresses “the steps I should follow.”
- The inclusion of retrofit instructions for older machines is relevant and helpful for users with pre-1983 equipment.
- The safety note is appropriate and related to the task, not off-topic.
- While detailed, the answer remains focused on mounting steps and attachment points; the length is justified by accommodating different spindle configurations rather than adding unrelated information.
- Therefore, the response is both concise enough for the scope and directly helpful in answering the question."
eyJtZXRhZGF0YSI6eyJhbnN3ZXJfaW5zdHJ1Y3Rpb25zX2lkIjoiQSIsImFwcHJvYWNoIjoibG9uZ19jb250ZXh0IiwiZWZmb3J0IjoibG93IiwiZmV3X3Nob3RfaWQiOiJBIiwibWF4X3Rva2VucyI6NTAwMCwibW9kZWwiOiJjbGF1ZGUtb3B1cy00LTYiLCJyZWFzb25pbmdfZWZmb3J0IjoibG93IiwidG9wX2siOjF9LCJydW5fdXVpZCI6ImI0YzdiNzk3LTY1YTItNDVhYS04ZDM5LWM4MjVjOGJlOWM1NyJ9bqKOWsP4aLU,True,True,"Step-by-step reasoning:
- The ground truth specifies six steps: disconnect power, loosen the two motor locknuts, slide the motor forward, move the vee belt to the desired pulleys, slide the motor back to tension the belt, and tighten the locknuts.
- The student’s steps match each of these exactly and in the correct order.
- The added note about available stroke rates on a 50-cycle 1425 RPM motor does not contradict the procedure and is simply extra information. There are no conflicting statements.

Correctness: True","Relevance: True

Step-by-step reasoning:
- The question asks specifically how to change the E-head speed on a Bridgeport mill.
- The student provides a clear, ordered procedure: disconnect power, loosen locknuts, move the motor to slacken the belt, reposition the belt on different pulleys to change speed, re-tension, and retighten. This directly explains the method (belt and pulley change) used to alter speed.
- The instructions are concise and relevant, focusing on the mechanical steps required.
- The added note about available stroke rates for a 50 Hz motor is somewhat extra but still contextually relevant to speed settings of the E-head and does not detract from the main instructions.
- Therefore, the answer both remains concise/relevant and helps answer the question."
eyJtZXRhZGF0YSI6eyJhbnN3ZXJfaW5zdHJ1Y3Rpb25zX2lkIjoiQSIsImFwcHJvYWNoIjoibG9uZ19jb250ZXh0IiwiZWZmb3J0IjoibG93IiwiZmV3X3Nob3RfaWQiOiJBIiwibWF4X3Rva2VucyI6NTAwMCwibW9kZWwiOiJjbGF1ZGUtb3B1cy00LTYiLCJyZWFzb25pbmdfZWZmb3J0IjoibG93IiwidG9wX2siOjF9LCJydW5fdXVpZCI6ImJhMTZkNzBhLWZiYjQtNDExMy1hYTgxLWI1ZjNjOTQ3MmJiYyJ9LSvyDeA0DFU,True,True,"Correctness: True

Step-by-step reasoning:
- The ground truth specifies the essential expectation: lubricate the quill at least weekly, preferably daily.
- The student’s schedule recommends “few drops twice daily” for milling head spindle bearings and ways, which implies a frequency equal to or more frequent than daily for the relevant head/quill components.
- There is no statement in the student’s answer that contradicts “at least weekly, if not daily for the quill.”
- The additional details (specific lubricants, other components, intervals) do not conflict with the ground truth and are acceptable as extra information.","Relevance: True

Step-by-step reasoning:
- The question asks specifically for the lubrication schedule for a Bridgeport mill.
- The student provides a structured schedule listing machine areas, the appropriate lubricants, and the frequencies—exactly what a lubrication schedule requires.
- Key components are covered: ways/lead screws, spindle bearings, motor, grease fittings, power feed, and shaping attachment (E-Head), including refill intervals and cautionary notes.
- The answer is concise and organized (table format) with no extraneous content beyond relevant maintenance notes.
- Therefore, it directly addresses the question and helps the reader understand what to lubricate, with what, and how often."
eyJtZXRhZGF0YSI6eyJhbnN3ZXJfaW5zdHJ1Y3Rpb25zX2lkIjoiQSIsImFwcHJvYWNoIjoibG9uZ19jb250ZXh0IiwiZWZmb3J0IjoibG93IiwiZmV3X3Nob3RfaWQiOiJBIiwibWF4X3Rva2VucyI6NTAwMCwibW9kZWwiOiJjbGF1ZGUtb3B1cy00LTYiLCJyZWFzb25pbmdfZWZmb3J0IjoibG93IiwidG9wX2siOjF9LCJydW5fdXVpZCI6ImNlODJlOTEwLTcwOWYtNDY4ZC1hN2RlLWM4MDEzMzFjZDRhMSJ9xAQ6NLyKKkw,False,False,"Correctness: False

Step-by-step reasoning:
- The ground truth states that torque can be changed using the Hi-Neutral-Lo mechanical lever, which selects back gear (more torque) or direct drive (less torque), and suggests rotating the spindle by hand to mesh gears.
- The student claims there is no procedure for changing or adjusting the torque of a lever, which directly conflicts with the ground truth procedure using the Hi-Neutral-Lo lever.
- The student provides various torque specifications for fasteners, which are irrelevant to changing spindle torque via gearing.
- The mention of adjusting clutch rattle by loosening screws is unrelated to changing torque and does not address the question as defined by the ground truth.

Because the student’s core assertion contradicts the ground truth and does not provide the correct method (using the Hi-Neutral-Lo lever), the answer is incorrect.","Relevance: False

Step-by-step reasoning:
- The question asks how to change the torque of “the lever” on a mill, implying a specific adjustment procedure for a particular lever.
- The student begins by saying there is no procedure to change or adjust torque of a lever specifically. This could be helpful if true, but it’s not tied to a specific lever and lacks direct guidance or alternatives (e.g., what can be adjusted, or that lever torque isn’t user-adjustable).
- The bulk of the response lists torque specs for mounting bolts and other fasteners. These do not address changing the torque/effort of a lever and are largely unrelated to the asked adjustment, making the answer not concise and diluting relevance.
- The mention of the feed control overload clutch and the Hi-Neutral-Lo lever adjustment is closer to the topic but still speculative without confirming which lever the user means.
- Ending with a clarification request is appropriate, but the overall response includes excessive, tangential detail and does not provide a concise, targeted answer or a clear next step tied to the question.

Because the answer is not concise and contains largely irrelevant torque specifications that don’t help adjust a lever’s torque, it does not meet all criteria."
eyJtZXRhZGF0YSI6eyJhbnN3ZXJfaW5zdHJ1Y3Rpb25zX2lkIjoiQSIsImFwcHJvYWNoIjoibG9uZ19jb250ZXh0IiwiZWZmb3J0IjoibG93IiwiZmV3X3Nob3RfaWQiOiJBIiwibWF4X3Rva2VucyI6NTAwMCwibW9kZWwiOiJjbGF1ZGUtb3B1cy00LTYiLCJyZWFzb25pbmdfZWZmb3J0IjoibG93IiwidG9wX2siOjF9LCJydW5fdXVpZCI6ImQ1NGRjMDkyLWM3Y2MtNDAxZS1iZGUzLTExNTliYjE0Mzg2NCJ995X964ibSow,True,True,"Correctness: True

Step-by-step reasoning:
- The ground truth outlines these key steps: use an appropriately sized wrench on the drawbar above the head; hold the spindle with the spindle brake while loosening the drawbar; once initially loosened, finish loosening by hand; support/hold the collet while releasing; pop the collet free by lifting and dropping/tapping the drawbar.
- The student answer includes the essential elements: using the spindle brake to hold the spindle, using the drawbar and a wrench to loosen/tighten, and tapping the top of the drawbar to release the collet if it doesn’t immediately drop. These align with the ground truth’s method of loosening with a wrench, then releasing the collet by a tap/drop on the drawbar.
- The student adds extra details (7/16""-20 thread, safety precautions), which do not conflict with the ground truth.
- While the student mentions “raise the quill feed handle to lock the spindle,” which is not in the ground truth, this does not directly contradict the ground truth’s instructions to use the spindle brake, and the rest of the steps remain consistent.
- The student omits specifics like switching to hand-turning after initial loosening and explicitly holding the collet, but omissions are acceptable per the criteria as long as what is stated is accurate relative to the ground truth.

Therefore, the student’s answer is factually consistent with the ground truth and contains no conflicting statements relative to it.","Relevance: True

Step-by-step reasoning:
- The question asks for the steps to change a tool on a Bridgeport mill.
- The student identifies the two main actions involved: locking the spindle (using the spindle brake) and operating the drawbar to loosen/tighten the tool/collet. These are core steps in the process.
- They include practical details such as tapping the drawbar to release the collet from the taper, which is an essential technique.
- They add critical safety steps (stop spindle, keep hands clear, release brake before restart), which are directly relevant to performing the task safely.
- The answer is reasonably concise and focused on the procedure, though it could be slightly clearer as a linear, ordered sequence and could mention inserting/removing the collet/tool explicitly and supporting the tool while loosening to prevent dropping.
- Despite minor omissions, the response provides the necessary procedural guidance and safety context to help answer the question."
eyJtZXRhZGF0YSI6eyJhbnN3ZXJfaW5zdHJ1Y3Rpb25zX2lkIjoiQSIsImFwcHJvYWNoIjoibG9uZ19jb250ZXh0IiwiZWZmb3J0IjoibG93IiwiZmV3X3Nob3RfaWQiOiJBIiwibWF4X3Rva2VucyI6NTAwMCwibW9kZWwiOiJjbGF1ZGUtb3B1cy00LTYiLCJyZWFzb25pbmdfZWZmb3J0IjoibG93IiwidG9wX2siOjF9LCJydW5fdXVpZCI6ImQ2NmY0YjNiLTA2M2MtNGRlZi05NWE3LTA4NWM5ZDhkN2ViMCJ9ryf7ueXpzz0,True,True,"Correctness: True

Step-by-step reasoning:
- The ground truth states that the hand cranks are inverted for shipping and provides the steps to correct them: engage the lock mechanism to the saddle and table, use a 1-inch wrench to remove the retaining lead screw nut, and install the hand cranks properly.
- The student answer includes all these steps accurately: acknowledging the shipping inversion, engaging the locks, using a 1-inch wrench to remove the retaining lead screw nut, and reinstalling the cranks.
- The added note about facing outward is consistent with “install properly” and does not conflict with the ground truth.
- The extra context that this is a normal shipping configuration is accurate and does not contradict anything.

Therefore, the student’s answer is factually accurate relative to the ground truth and contains no conflicting statements.","Step-by-step reasoning:
- The question asks what to do when the hand cranks on a newly received Bridgeport mill seem backwards.
- The student explains this is a normal shipping configuration and gives clear, actionable steps to correct it (lock the table/saddle, remove the retaining nut with a 1-inch wrench, and reinstall the cranks facing outward).
- The steps are concise, relevant to the exact issue, and provide enough guidance to resolve the problem without unrelated detail.
- The answer helps the user understand why it happened and how to fix it, satisfying both criteria.

Relevance: True"
eyJtZXRhZGF0YSI6eyJhbnN3ZXJfaW5zdHJ1Y3Rpb25zX2lkIjoiQSIsImFwcHJvYWNoIjoibG9uZ19jb250ZXh0IiwiZWZmb3J0IjoibG93IiwiZmV3X3Nob3RfaWQiOiJBIiwibWF4X3Rva2VucyI6NTAwMCwibW9kZWwiOiJjbGF1ZGUtb3B1cy00LTYiLCJyZWFzb25pbmdfZWZmb3J0IjoibG93IiwidG9wX2siOjF9LCJydW5fdXVpZCI6ImQwNjJiNGNkLTFhYTEtNDgzOS1iNWFjLTg1NmJhZmJlZjE4YyJ95dsFVr0Zm2I,True,False,"Step-by-step reasoning:
- The ground truth states the small Allen-head screw on the lower backside of the spindle nose is the collet aligning screw, used to align the collet, with specific instructions about removing set screw “R,” nose cap “S,” and handling the aligning screw, plus a caution not to overtighten.
- The student identifies that if the small Allen screw is on the nose cap area, it is the collet aligning set screw “R,” whose purpose is to ensure proper alignment of the collet guide slot and warns not to overtighten—this matches the ground truth purpose and caution.
- The student adds unrelated details about other Allen screws (safeguard mounting) and the drawbar, but these do not contradict the ground truth.
- There are no conflicting statements in the student’s answer, and the key functional purpose (collet alignment) is correctly stated.

Correctness: True","Relevance: False

Step-by-step reasoning:
- The question asks specifically about the purpose of a small Allen key hole on the chuck of a Bridgeport mill.
- The student’s response does not directly state what that Allen hole is for. Instead, it cites general manual details about the safeguard screws, the drawbar, and a collet aligning set screw on the spindle nose cap—components that are not the chuck.
- Much of the content is tangential (spindle brake, drawbar thread) and does not help answer the specific question.
- The answer ends by requesting clarification rather than providing a concise, direct explanation of the hole’s function.
- Because it is not concise and does not directly help answer the question about the chuck’s Allen hole, it fails the criteria."
eyJtZXRhZGF0YSI6eyJhbnN3ZXJfaW5zdHJ1Y3Rpb25zX2lkIjoiQSIsImFwcHJvYWNoIjoibG9uZ19jb250ZXh0IiwiZWZmb3J0IjoibG93IiwiZmV3X3Nob3RfaWQiOiJBIiwibWF4X3Rva2VucyI6NTAwMCwibW9kZWwiOiJjbGF1ZGUtb3B1cy00LTYiLCJyZWFzb25pbmdfZWZmb3J0IjoibG93IiwidG9wX2siOjF9LCJydW5fdXVpZCI6ImRhZTkwYTQ4LWYyMTUtNDQ2ZS04OTI1LTk2YjI2MmE1MmNiMCJ9lis8PnvvNx8,True,True,"Correctness: True

Step-by-step reasoning:
- The ground truth specifies two actions: remove the set screw, then unscrew the nose piece.
- The student’s answer includes these exact steps in the correct order: first “Remove the set screw ‘R’,” then “Unscrew nose cap ‘S’ from the quill.”
- The additional details (marking alignment, cautions about not overtightening, checking a gap) do not conflict with the ground truth and are consistent with typical Bridgeport procedures.
- There are no contradictory statements in the student’s response relative to the ground truth.

Therefore, the student’s answer is factually accurate relative to the ground truth.","Relevance: True

Step-by-step reasoning:
- The question asks specifically how to remove the nose piece on a Bridgeport mill.
- The student provides a clear, actionable sequence: mark alignment, remove the set screw, then unscrew the nose cap. This directly addresses the removal process.
- The inclusion of the critical caution about removing the set screw before unscrewing the nose cap is essential and prevents damage, which adds usefulness to the answer.
- The answer is concise and focused on the task, with brief, relevant cautions and references. It does not include unrelated information.
- Therefore, the response is both relevant and helps answer the question effectively."
eyJtZXRhZGF0YSI6eyJhbnN3ZXJfaW5zdHJ1Y3Rpb25zX2lkIjoiQSIsImFwcHJvYWNoIjoibG9uZ19jb250ZXh0IiwiZWZmb3J0IjoibG93IiwiZmV3X3Nob3RfaWQiOiJBIiwibWF4X3Rva2VucyI6NTAwMCwibW9kZWwiOiJjbGF1ZGUtb3B1cy00LTYiLCJyZWFzb25pbmdfZWZmb3J0IjoibG93IiwidG9wX2siOjF9LCJydW5fdXVpZCI6ImRjODFmMTUzLWU0NzAtNGYyNi04MGI2LTAwOWVmNTQ4MzNmZSJ9OadQbmyQvjw,True,True,"Correctness: True

Step-by-step reasoning:
- The ground truth requires that only a qualified electrician hook up the machine. The student explicitly states this.
- Step 1 in the ground truth is to check required voltage against the power supply. The student includes this accurately.
- Step 2 is to connect the machine wiring in compliance with safety regulations. The student includes this accurately.
- Step 3 is to check for correct spindle rotation: in HIGH SPEED, it should rotate clockwise when viewed from the top. The student mirrors this exactly.
- The student adds an extra note about checking in the Hi range. This aligns with the “HIGH SPEED range” requirement and does not conflict with the ground truth. There are no conflicting statements in the student’s answer.","Relevance: True

Step-by-step reasoning:
- The question asks how to connect a power supply to a Bridgeport mill, implying guidance on the procedure and safety considerations.
- The student’s answer directly addresses this by stating that a qualified electrician should perform the hookup, which is an appropriate and relevant safety directive for power connections on industrial machinery.
- It provides a clear sequence: verify voltage compatibility, make the connection in compliance with safety regulations, and confirm correct spindle rotation. These are core steps involved in properly connecting and validating the power supply connection.
- The note about checking spindle rotation in the high range and ensuring the switch/lever positions are correct is specific, actionable, and relevant to confirming proper phasing on a three-phase setup.
- The response is concise, focused on the task, and avoids unrelated information, satisfying the concision and relevance criteria while helping answer the question."
eyJtZXRhZGF0YSI6eyJhbnN3ZXJfaW5zdHJ1Y3Rpb25zX2lkIjoiQSIsImFwcHJvYWNoIjoibG9uZ19jb250ZXh0IiwiZWZmb3J0IjoibG93IiwiZmV3X3Nob3RfaWQiOiJBIiwibWF4X3Rva2VucyI6NTAwMCwibW9kZWwiOiJjbGF1ZGUtb3B1cy00LTYiLCJyZWFzb25pbmdfZWZmb3J0IjoibG93IiwidG9wX2siOjF9LCJydW5fdXVpZCI6ImU0OGE1NTNhLWU0ODgtNDg0OS05MGZhLTY5MmU3NWIzNDAyMyJ9jyhAELZ1L0w,False,True,"Correctness: False

Step-by-step reasoning:
- The ground truth states: turning the wheel clockwise (left) decreases speed, and turning it counterclockwise (right) increases speed.
- The student answer claims the opposite: clockwise increases speed and counterclockwise decreases speed.
- This directly conflicts with the ground truth directions.
- While the added cautions may be generally sound, they do not affect the correctness of the directional instructions, which are incorrect relative to the ground truth.","Relevance: True

Step-by-step reasoning:
- The question asks specifically which direction to turn the wheel for speed change on a Bridgeport mill.
- The student directly states the direction for both increasing (clockwise) and decreasing (counterclockwise) speed, and clarifies the viewpoint (from the front), which removes ambiguity.
- The added cautions (change speed only while running, indicated speeds may vary) are directly relevant to proper operation and do not distract from the answer.
- The response is concise and focused on the exact control input needed, thereby helping to answer the question effectively."
eyJtZXRhZGF0YSI6eyJhbnN3ZXJfaW5zdHJ1Y3Rpb25zX2lkIjoiQSIsImFwcHJvYWNoIjoibG9uZ19jb250ZXh0IiwiZWZmb3J0IjoibG93IiwiZmV3X3Nob3RfaWQiOiJBIiwibWF4X3Rva2VucyI6NTAwMCwibW9kZWwiOiJjbGF1ZGUtb3B1cy00LTYiLCJyZWFzb25pbmdfZWZmb3J0IjoibG93IiwidG9wX2siOjF9LCJydW5fdXVpZCI6ImU4OGM0YjA2LTM3MzAtNGViZC05NDlkLTRlMzNjNzhiYzJlNCJ94c5pTJpHiCM,False,True,"Step-by-step reasoning:
- The ground truth lists four safety labels: DANGER, WARNING, CAUTION, and NOTICE, each with specific meanings and color codes.
- The student lists only three labels: WARNING, CAUTION, and NOTE. They omit DANGER and NOTICE, and introduce NOTE, which is not part of the ground truth set.
- The student’s definitions conflict with the ground truth:
  - CAUTION is described by the student as about equipment damage, whereas the ground truth defines CAUTION as hazards that could cause minor or moderate injury. Equipment damage is covered under NOTICE in the ground truth.
  - The student’s WARNING blends injury and equipment damage and does not align with the ground truth’s clear injury-focused severity.
- The student claims no color coding is specified, which directly contradicts the ground truth’s explicit color assignments for each label.

Because of missing required labels, incorrect definitions, and an explicit contradiction regarding color coding, the student answer is not factually accurate relative to the ground truth.

Correctness: False","Relevance: True

Step-by-step reasoning:
- The question has two parts: (a) identify the safety labels used in Bridgeport mill manuals, and (b) state their corresponding colors.
- The student lists the safety labels they believe are used: WARNING, CAUTION, and NOTE. This directly addresses part (a).
- For part (b), the student explicitly addresses colors by stating the manual does not specify any color coding. This is a direct, relevant response to the color question, even though it denies the existence of colors.
- The answer is generally concise and focused on the question, with brief definitions that are relevant context rather than off-topic detail.
- Therefore, the response is relevant and helps answer the question as asked."
eyJtZXRhZGF0YSI6eyJhbnN3ZXJfaW5zdHJ1Y3Rpb25zX2lkIjoiQSIsImFwcHJvYWNoIjoibG9uZ19jb250ZXh0IiwiZWZmb3J0IjoibG93IiwiZmV3X3Nob3RfaWQiOiJBIiwibWF4X3Rva2VucyI6NTAwMCwibW9kZWwiOiJjbGF1ZGUtb3B1cy00LTYiLCJyZWFzb25pbmdfZWZmb3J0IjoibG93IiwidG9wX2siOjF9LCJydW5fdXVpZCI6ImVhZGFhZjY2LTIyMDktNGQ0Mi1hM2UwLTBiMDkyODM4NGE0ZCJ9k_arNUuEhrI,True,True,"Correctness: True

Step-by-step reasoning:
- The ground truth states you must ensure the spindle brake is released before starting the motor to avoid motor damage if the switch is turned on with the brake locked.
- The student explicitly states that the spindle brake must be released before starting the motor and quotes the warning about potential motor damage, matching the ground truth.
- The student adds operational details about how the brake lever functions (can be moved either direction to stop; locks when raised). These details do not contradict the ground truth and are consistent with typical Bridgeport operation.
- There are no conflicting statements in the student’s answer.","Relevance: True

Step-by-step reasoning:
- The question asks a specific operational/safety procedure: whether to release the spindle brake before starting the spindle on a Bridgeport mill.
- The student’s answer gives a direct yes/no response (“Yes — you must release the spindle brake”) which addresses the question immediately.
- It provides a clear rationale (to prevent motor damage) and cites the manual, strengthening the answer’s reliability.
- It adds a brief, relevant note on how the spindle brake lever operates and advises verifying it is unlocked before starting, which is practical and directly related.
- The answer is concise and focused on the question without unnecessary digressions.

Therefore, the student’s response is both concise/relevant and helps answer the question."
eyJtZXRhZGF0YSI6eyJhbnN3ZXJfaW5zdHJ1Y3Rpb25zX2lkIjoiQSIsImFwcHJvYWNoIjoibG9uZ19jb250ZXh0IiwiZWZmb3J0IjoibG93IiwiZmV3X3Nob3RfaWQiOiJBIiwibWF4X3Rva2VucyI6NTAwMCwibW9kZWwiOiJjbGF1ZGUtb3B1cy00LTYiLCJyZWFzb25pbmdfZWZmb3J0IjoibG93IiwidG9wX2siOjF9LCJydW5fdXVpZCI6ImViNDQwZjdkLTEzYzQtNDRhNy05MjhlLTNmNDA5MDAyM2I3NyJ9ZZRoo600N6E,True,True,"Step-by-step reasoning:
- The question asks whether a Bridgeport takes R8 collets. The ground truth says ""Yes.""
- The student explicitly answers ""Yes,"" which matches the ground truth.
- The student adds details: Series I Bridgeport uses an R8 spindle taper, accepts R8 collets from 0.125"" to 0.750"" in approximately 0.063"" (1/16"") increments, and uses a 7/16""-20 right-hand thread drawbar. These details are standard and accurate for a Bridgeport Series I.
- There are no conflicting statements in the student's answer.

Correctness: True","Relevance: True

Step-by-step reasoning:
- The question is a yes/no inquiry about whether a Bridgeport uses R8 collets.
- The student explicitly answers “Yes,” directly addressing the question.
- The student adds pertinent supporting details: identifying the R-8 spindle taper, typical collet capacity range, and drawbar thread. While not strictly necessary, these details are relevant and help substantiate the answer.
- The response is concise and stays on topic, meeting both criteria of being concise/relevant and helping answer the question."
eyJtZXRhZGF0YSI6eyJhbnN3ZXJfaW5zdHJ1Y3Rpb25zX2lkIjoiQSIsImFwcHJvYWNoIjoibG9uZ19jb250ZXh0IiwiZWZmb3J0IjoibG93IiwiZmV3X3Nob3RfaWQiOiJBIiwibWF4X3Rva2VucyI6NTAwMCwibW9kZWwiOiJjbGF1ZGUtb3B1cy00LTYiLCJyZWFzb25pbmdfZWZmb3J0IjoibG93IiwidG9wX2siOjF9LCJydW5fdXVpZCI6ImVkMDk5Y2RiLWYxYmMtNGI3OC1hMmMwLTI1MGQ2ZTVkNGQzZiJ9Nr9r7MAG1hA,True,True,"Correctness: True

Reasoning:
- The ground truth states that the quill feed handle is used to manually raise or lower the quill.
- The student explicitly states that it is used to raise and lower the quill manually, which matches the ground truth.
- The additional details about engaging the handle when using power feed and removability do not contradict the ground truth and are plausible for a Bridgeport mill.
- Therefore, the student's answer is factually accurate relative to the ground truth and contains no conflicting statements.","- The question asks specifically for the function of the quill feed handle on a mill.
- The student’s first sentence directly states its primary use: to raise and lower the quill manually, which addresses the question.
- The additional notes about engaging the handle during power feed and its removability are extra but still related to the handle and do not distract from the main answer.
- The response is concise enough and clearly helps answer the question.

Relevance: True"
eyJtZXRhZGF0YSI6eyJhbnN3ZXJfaW5zdHJ1Y3Rpb25zX2lkIjoiQSIsImFwcHJvYWNoIjoibG9uZ19jb250ZXh0IiwiZWZmb3J0IjoibG93IiwiZmV3X3Nob3RfaWQiOiJBIiwibWF4X3Rva2VucyI6NTAwMCwibW9kZWwiOiJjbGF1ZGUtb3B1cy00LTYiLCJyZWFzb25pbmdfZWZmb3J0IjoibG93IiwidG9wX2siOjF9LCJydW5fdXVpZCI6ImY3ODBmMThlLWVhNWEtNDk2YS1hZTBkLWVhYWQ0MmZkNjEwZiJ9WbOeNwet4G0,True,True,"Correctness: True

Step-by-step reasoning:
- The ground truth states that Neutral permits free spindle rotation for indicating and setup work and that the motor/electrical should be off.
- The student clearly states that Neutral permits free spindle rotation for indicating and setup, matching the core function exactly.
- The student adds accurate details: Neutral disengages both direct drive and back gears; it’s the intermediate position; and the lever shouldn’t be shifted with the motor running. These are correct and do not conflict with the ground truth.
- While the student doesn’t explicitly say to have the electrical off, advising not to shift while running and describing manual rotation is consistent with having the motor off and does not contradict the ground truth.

Therefore, the student’s answer is factually accurate relative to the ground truth and contains no conflicting statements.","Step-by-step reasoning:
1. Identify what the question asks: It seeks the function of the neutral lever on a Bridgeport mill.
2. Check if the student addresses this directly: The student explains that Neutral allows free spindle rotation by disengaging both direct drive and back gears.
3. Assess relevance and focus: The content is on-topic, specific to the Bridgeport Hi-Neutral-Lo lever, and avoids unrelated details.
4. Determine helpfulness: It explains what Neutral does, why it’s useful (indicating/setup), and adds a pertinent caution (don’t shift under power), which supports understanding without straying.

Relevance: True"
eyJtZXRhZGF0YSI6eyJhbnN3ZXJfaW5zdHJ1Y3Rpb25zX2lkIjoiQSIsImFwcHJvYWNoIjoibG9uZ19jb250ZXh0IiwiZWZmb3J0IjoibG93IiwiZmV3X3Nob3RfaWQiOiJBIiwibWF4X3Rva2VucyI6NTAwMCwibW9kZWwiOiJncHQtNS1taW5pLTIwMjUtMDgtMDciLCJyZWFzb25pbmdfZWZmb3J0IjoibG93IiwidG9wX2siOjF9LCJydW5fdXVpZCI6IjBlOWQ4YTcwLWYzYjUtNDM1ZC1hZDFiLWZmMmRmOGE1OTM1YSJ9bxSrMoT4ksk,True,True,"Correctness: True

Step-by-step reasoning:
- The ground truth identifies the missing piece as the collet-aligning set screw, notes it is not structural (used to help align the collet during insertion/removal), and advises replacing it as soon as possible.
- The student correctly refers to it as a set screw/collet aligning screw and advises replacing it before use, which aligns with “replace as soon as possible.”
- The student’s additional caution to not operate the machine until the screw is replaced is more conservative than the ground truth but does not contradict it, since the ground truth does not state that operating without the screw is acceptable—only that it isn’t structural.
- The student does not claim the screw is structural and presents no internal contradictions.
- The extra details about manual cautions and part ordering do not conflict with the ground truth.","Step-by-step reasoning:
- Identify the user’s need: They lost a small Allen/set screw on the lower backside of the chuck/spindle area of a Bridgeport mill and want to know what to do.
- Check if the student addresses safety: The student immediately advises not to operate the machine until the screw is replaced—this directly mitigates risk and is appropriate.
- Check if the student identifies the likely component: They identify it as the collet aligning/set screw in the nose cap/collet area, which matches the described location and common Bridgeport design.
- Evaluate actionable guidance: They provide concrete steps—lock the spindle, inspect related parts, replace the screw with the correct part, and instructions for ordering/identifying the correct part number. They also suggest contacting the manufacturer/service if uncertain.
- Assess conciseness and relevance: The answer stays on-topic and provides practical steps without unnecessary tangents. It’s slightly detailed with manual references but remains focused and helpful.

Conclusion: The response is relevant and helps answer what to do next (don’t run it, verify assembly, replace the correct screw, and how to source it).

Relevance: True"
eyJtZXRhZGF0YSI6eyJhbnN3ZXJfaW5zdHJ1Y3Rpb25zX2lkIjoiQSIsImFwcHJvYWNoIjoibG9uZ19jb250ZXh0IiwiZWZmb3J0IjoibG93IiwiZmV3X3Nob3RfaWQiOiJBIiwibWF4X3Rva2VucyI6NTAwMCwibW9kZWwiOiJncHQtNS1taW5pLTIwMjUtMDgtMDciLCJyZWFzb25pbmdfZWZmb3J0IjoibG93IiwidG9wX2siOjF9LCJydW5fdXVpZCI6IjE1NmJlMWVjLTU4NmQtNDUyYi05NDYwLTg5NzdjM2I5OTEyYyJ9EnkFYYjE_3Y,True,True,"Correctness: True

Step-by-step reasoning:
- The ground truth states that the quill feed handle is used to raise or lower the quill manually.
- The student explicitly states that the quill feed handle is used to raise and lower the quill manually, which matches the core requirement.
- The additional details about power feed usage and removability are extra information. They do not contradict the stated primary function and do not introduce internal conflicts in the answer.
- Therefore, relative to the ground truth, the student’s answer correctly identifies the purpose of the quill feed handle.","Relevance: True

Step-by-step reasoning:
- The question asks specifically for the use of the quill feed handle on a mill.
- The student states it is used to manually raise and lower the quill, which directly answers the function question.
- The added notes about engaging during power feed and being removable are extra but still directly related to the handle’s use and operation, not off-topic.
- The answer is concise enough and clearly helps answer the question by identifying the primary purpose."
eyJtZXRhZGF0YSI6eyJhbnN3ZXJfaW5zdHJ1Y3Rpb25zX2lkIjoiQSIsImFwcHJvYWNoIjoibG9uZ19jb250ZXh0IiwiZWZmb3J0IjoibG93IiwiZmV3X3Nob3RfaWQiOiJBIiwibWF4X3Rva2VucyI6NTAwMCwibW9kZWwiOiJncHQtNS1taW5pLTIwMjUtMDgtMDciLCJyZWFzb25pbmdfZWZmb3J0IjoibG93IiwidG9wX2siOjF9LCJydW5fdXVpZCI6IjEyZDQ2ZTFkLWYyY2MtNGVmOC1iNTliLTI1ZmY4ZTlkNjQ2ZiJ9G2O0nEqkFWU,False,True,"Step-by-step reasoning:
- The ground truth specifies: after the initial cleaning, you should move the table, saddle, and knee by hand to a limit stop, then clean and lubricate the exposed ways, moving to opposite stops and repeating.
- The student correctly mentions removing the protective coating with a suitable cleaning solution and adds a safety note about avoiding flammable cleaners. This extra info does not conflict with the ground truth.
- However, the student’s first supporting step says: “After initial cleaning, do not move the table, saddle, knee or any movable part until all ways have been well cleaned and lubricated.” This directly contradicts the ground truth, which instructs moving those parts to limit stops as part of the cleaning/lubrication process.
- The student then provides a second step that instructs moving to each limit stop while cleaning and lubricating, which aligns with the ground truth but conflicts with the student’s own prior statement.
- The ram unlocking and full-travel cleaning/lubrication step matches the ground truth.

Because the student includes a statement that conflicts with the ground truth and also creates an internal contradiction, the answer does not meet the criteria.

Correctness: False","Relevance: True

Reasoning:
- The question asks for initial cleaning steps when receiving a Bridgeport mill.
- The student directly addresses this by stating to remove the protective coating with a suitable non-flammable cleaner and explicitly warns against using gasoline—both relevant and safety-critical.
- The supporting steps outline a clear, practical sequence: avoid moving components until ways are cleaned and lubricated, then move axes by hand to limits while cleaning/lubing, and similarly clean/lube the ram. This helps operationalize the cleaning process.
- The answer is concise, on-topic, and provides actionable guidance that aligns with standard best practices for first-use cleaning of machine tools."
eyJtZXRhZGF0YSI6eyJhbnN3ZXJfaW5zdHJ1Y3Rpb25zX2lkIjoiQSIsImFwcHJvYWNoIjoibG9uZ19jb250ZXh0IiwiZWZmb3J0IjoibG93IiwiZmV3X3Nob3RfaWQiOiJBIiwibWF4X3Rva2VucyI6NTAwMCwibW9kZWwiOiJncHQtNS1taW5pLTIwMjUtMDgtMDciLCJyZWFzb25pbmdfZWZmb3J0IjoibG93IiwidG9wX2siOjF9LCJydW5fdXVpZCI6IjEzMGIyZGU3LWM3NGMtNGE1OC04NzExLWY3YjZhZmRlMjM4ZSJ9Iidff1HWZ5Q,False,False,"Step-by-step reasoning:
- The question asks specifically for the procedure to change the drawbar.
- The ground truth procedure is concise: remove the collet, then pull the drawbar out of the top of the spindle.
- The student answer focuses on tightening/loosening the drawbar to secure/release a collet and general use of the spindle brake, but does not describe removing the collet and pulling the drawbar out of the spindle.
- The student further states that complete replacement instructions cannot be determined, which contradicts the ground truth that clearly provides the removal method.

Conclusion: The student did not provide the required procedure and incorrectly claims it cannot be determined.

Correctness: False","Relevance: False

Step-by-step reasoning:
- The question specifically asks for the procedure to change (i.e., remove and replace) the drawbar on the mill.
- The student’s response describes how to tighten and loosen the drawbar for normal operation and to release a collet, which is related but not the requested replacement procedure.
- The student explicitly states that the manual does not provide a step-by-step procedure for removing and replacing the entire drawbar assembly, and thus does not supply that procedure.
- While the answer is concise and technically relevant to handling a drawbar, it does not help answer the specific question about changing/replacing the drawbar.
- Therefore, it fails criterion (2) and is not fully relevant to the question asked."
eyJtZXRhZGF0YSI6eyJhbnN3ZXJfaW5zdHJ1Y3Rpb25zX2lkIjoiQSIsImFwcHJvYWNoIjoibG9uZ19jb250ZXh0IiwiZWZmb3J0IjoibG93IiwiZmV3X3Nob3RfaWQiOiJBIiwibWF4X3Rva2VucyI6NTAwMCwibW9kZWwiOiJncHQtNS1taW5pLTIwMjUtMDgtMDciLCJyZWFzb25pbmdfZWZmb3J0IjoibG93IiwidG9wX2siOjF9LCJydW5fdXVpZCI6IjFlZDg4NzNkLTMwNWItNDRjNS1hMTBjLTYxZDgzY2I4NGQ5OSJ9BXNU5_1cZlI,False,True,"Correctness: False

Step-by-step reasoning:
- The ground truth specifies that the Bridgeport mill’s power feed is used to automatically feed the quill in. It emphasizes disengaging/removing the quill handle when using power feed, gives specific engagement/disengagement directions, notes that the worm gear may be disengaged at any time, and warns not to use power feed above 3000 RPM.
- The student’s answer expands the use to “table/cross‑slide/quill” feeding and mentions longitudinal/cross feed operations. This conflicts with the ground truth, which is specifically about the quill power feed, not table or cross-slide feeds.
- The student correctly includes the 3000 RPM limit and references the Power Feed Transmission Engagement Crank, which aligns with the ground truth.
- However, the added claims about engaging while the spindle is rotating and avoiding power‑feed drilling over 0.375"" are not supported by the ground truth. While not explicitly contradicted, they are extraneous; the key issue is the incorrect generalization to table/cross-slide use.
- Because the student misstates the fundamental “when” by including feeds other than the quill, the answer is not factually accurate relative to the ground truth.","The question asks specifically under what circumstances the power feed should be used on a Bridgeport mill. The student’s answer directly addresses this by stating it should be used when automatic, continuous feed is desired (longitudinal, cross, or quill), which matches the core intent of the question. They also add practical constraints and safety/operational limits (e.g., engage properly, avoid speeds above 3000 RPM, don’t power-feed drill over 0.375""), which are relevant and help clarify appropriate vs. inappropriate use. The answer stays on topic and is reasonably concise, offering actionable guidance rather than unrelated details. Overall, it clearly helps answer “when” to use the power feed and adds useful boundaries.

Relevance: True"
eyJtZXRhZGF0YSI6eyJhbnN3ZXJfaW5zdHJ1Y3Rpb25zX2lkIjoiQSIsImFwcHJvYWNoIjoibG9uZ19jb250ZXh0IiwiZWZmb3J0IjoibG93IiwiZmV3X3Nob3RfaWQiOiJBIiwibWF4X3Rva2VucyI6NTAwMCwibW9kZWwiOiJncHQtNS1taW5pLTIwMjUtMDgtMDciLCJyZWFzb25pbmdfZWZmb3J0IjoibG93IiwidG9wX2siOjF9LCJydW5fdXVpZCI6IjI3M2ZlNzRmLWZhNGItNGY5Yy05Y2E4LTcyYjAyYzFjMWI3ZiJ9daFUaAPAYbk,True,True,"Correctness: True

Step-by-step reasoning:
- The ground truth requires that only a qualified electrician hook up the machine. The student explicitly states this and repeats it in the warnings.
- Step 1 in the ground truth is to check required voltage against the power supply. The student includes this: verifying machine voltage matches the plant supply.
- Step 2 is to connect the machine wiring to the power supply in compliance with safety regulations. The student includes this verbatim.
- Step 3 is to check correct spindle rotation in HIGH SPEED, clockwise when viewed from the top. The student states to check spindle rotation, specifies the Hi range (direct drive), and confirms clockwise when viewed from the top—fully consistent and slightly more detailed without contradiction.
- No conflicting statements are present. The extra details about drum switch and Hi‑Neutral‑Lo lever are consistent with the HIGH SPEED condition.","Step-by-step reasoning:
- The question asks how to connect power to a Bridgeport mill, implying safety, compatibility, and verification steps.
- The student emphasizes using a qualified electrician, which is directly relevant for a power-connection task and appropriate for safety/compliance.
- They include key practical steps: verify voltage compatibility, make the connection per regulations, and perform a post-connection spindle-rotation check with specific Bridgeport controls/settings. This directly addresses the process and includes a machine-specific verification.
- The answer is concise, uses clear bullet points, and stays on topic.
- While it lacks detailed wiring specifics (e.g., phase, fusing, grounding, disconnect requirements), the guidance still helps the user proceed safely and correctly by deferring technical connection to a professional and providing a concrete functional check.

Relevance: True"
eyJtZXRhZGF0YSI6eyJhbnN3ZXJfaW5zdHJ1Y3Rpb25zX2lkIjoiQSIsImFwcHJvYWNoIjoibG9uZ19jb250ZXh0IiwiZWZmb3J0IjoibG93IiwiZmV3X3Nob3RfaWQiOiJBIiwibWF4X3Rva2VucyI6NTAwMCwibW9kZWwiOiJncHQtNS1taW5pLTIwMjUtMDgtMDciLCJyZWFzb25pbmdfZWZmb3J0IjoibG93IiwidG9wX2siOjF9LCJydW5fdXVpZCI6IjIwN2VlZjdhLTk1ZmUtNGMyMi05OTFlLTAzYzc5MDcyNGU5NyJ94jx8Y7IS5IU,True,True,"Correctness: True

Step-by-step reasoning:
- The ground truth specifies two key points: start the spindle before changing speed, and do not change the speed when the spindle is stationary.
- The student explicitly states to start the spindle and use the speed change handwheel to select the desired speed, matching the ground truth.
- The student also repeats the warning not to change speed while the spindle is stationary, which aligns with the ground truth.
- Additional details about changing between high and low ranges and related cautions do not contradict the ground truth and are consistent with typical Bridgeport operation.
- There are no conflicting statements within the student’s answer.","Step-by-step reasoning:
1) Identify the task: The question asks specifically how to change spindle speed on a Bridgeport mill.
2) Check directness: The student explains using the speed change handwheel with the spindle running for in-range adjustments—this directly addresses changing spindle speed.
3) Check completeness: The student also explains how to change between high and low ranges (back gear vs direct drive), which is often necessary to reach certain speeds. This is relevant to the broader concept of spindle speed changes on a Bridgeport.
4) Safety/operational cautions: The answer includes correct and important warnings (don’t adjust the speed dial when stationary; don’t shift hi-lo while running), which supports proper operation.
5) Conciseness: The response is concise, uses bullet points, and avoids extraneous details while covering both fine speed adjustment and range shifting.

Conclusion: The answer is concise, relevant, and helps answer the question.

Relevance: True"
eyJtZXRhZGF0YSI6eyJhbnN3ZXJfaW5zdHJ1Y3Rpb25zX2lkIjoiQSIsImFwcHJvYWNoIjoibG9uZ19jb250ZXh0IiwiZWZmb3J0IjoibG93IiwiZmV3X3Nob3RfaWQiOiJBIiwibWF4X3Rva2VucyI6NTAwMCwibW9kZWwiOiJncHQtNS1taW5pLTIwMjUtMDgtMDciLCJyZWFzb25pbmdfZWZmb3J0IjoibG93IiwidG9wX2siOjF9LCJydW5fdXVpZCI6IjJkM2ExOWE2LTcwMzUtNGIxOC04YzhiLTQ3NmI2ZmNmOWYxOCJ936ZdOBRPQ94,False,False,"Correctness: False

Step-by-step reasoning:
- The ground truth states that the PDF does not specify a maximum weight for the ram on the mill and advises using appropriate safety procedures.
- The student provides a specific maximum weight value (750 lb / 340 kg) and attributes it to a Bridgeport mill, implying a defined limit.
- This directly conflicts with the ground truth, which indicates no specified maximum in the provided document.
- Additionally, the student's answer addresses ""maximum weight of a workpiece"" rather than specifically ""weight on the ram,"" which may not be the same, further misaligning with the question and the ground truth.

Therefore, the student's answer is not factually accurate relative to the ground truth.","Relevance: False

Step-by-step reasoning:
- The question specifically asks for the maximum weight that can be placed on the ram of the mill (the movable arm that holds the head/attachments).
- The student’s answer gives the maximum weight of a workpiece (table load capacity), which pertains to what can be placed on the mill table, not on the ram.
- This is a mismatch between the requested specification (ram load) and the provided specification (workpiece/table load).
- While the answer is concise, it does not help answer the exact question about the ram."
eyJtZXRhZGF0YSI6eyJhbnN3ZXJfaW5zdHJ1Y3Rpb25zX2lkIjoiQSIsImFwcHJvYWNoIjoibG9uZ19jb250ZXh0IiwiZWZmb3J0IjoibG93IiwiZmV3X3Nob3RfaWQiOiJBIiwibWF4X3Rva2VucyI6NTAwMCwibW9kZWwiOiJncHQtNS1taW5pLTIwMjUtMDgtMDciLCJyZWFzb25pbmdfZWZmb3J0IjoibG93IiwidG9wX2siOjF9LCJydW5fdXVpZCI6IjJlNzVhZjAwLTNjMDctNDdlNS04Y2M1LWE0MzY5MGQ4N2U2OCJ9c4MZUigmtB0,True,True,"Correctness: True

Step-by-step reasoning:
- The ground truth clearly instructs not to use gasoline or any flammable cleaning agent to clean the machine.
- The student answer explicitly states not to use gasoline or other flammable cleaning agents, which aligns with the ground truth.
- The student adds that a suitable nonflammable cleaning solution should be used and notes the manual does not specify a particular cloth. This extra information does not conflict with the ground truth.
- There are no contradictory statements in the student answer.","Step-by-step reasoning:
- The question asks specifically what type of cloth to use when cleaning a mill with gasoline.
- The student response directly addresses the cleaning context, advising against using gasoline (a relevant safety correction) and recommending a nonflammable cleaner instead.
- Importantly, the student states that the manual does not specify a particular type of cloth, which directly addresses the “what type of cloth” part by indicating there is no specified cloth in the manual.
- The answer is concise and stays on topic: cleaning the mill and the cloth specification. While it doesn’t suggest a cloth type, it explains that none is specified, which helps answer the question.

Relevance: True"
eyJtZXRhZGF0YSI6eyJhbnN3ZXJfaW5zdHJ1Y3Rpb25zX2lkIjoiQSIsImFwcHJvYWNoIjoibG9uZ19jb250ZXh0IiwiZWZmb3J0IjoibG93IiwiZmV3X3Nob3RfaWQiOiJBIiwibWF4X3Rva2VucyI6NTAwMCwibW9kZWwiOiJncHQtNS1taW5pLTIwMjUtMDgtMDciLCJyZWFzb25pbmdfZWZmb3J0IjoibG93IiwidG9wX2siOjF9LCJydW5fdXVpZCI6IjM2ODFlYTM0LWMxNmQtNDhlOS04NDg3LTIzYjRhYzRlZDlhNiJ9XhPWfVhzhuY,True,True,"Correctness: True

Step-by-step reasoning:
- The ground truth specifies the frequency: change the gear case oil after the first two months of normal service, then twice a year thereafter.
- The student answer states the same timing: after the first two months, then twice yearly thereafter.
- The student adds extra details (drain/refill, quantity, oil type), which do not contradict the ground truth and are not being evaluated for accuracy beyond the specified frequency.
- There are no conflicting statements within the student answer.

Therefore, the student’s answer is factually consistent with the ground truth regarding how often to change the gear case oil.","Step-by-step reasoning:
- The question asks specifically about frequency: how often to change the gear case oil on a Bridgeport mill.
- The student answer provides a clear schedule: after the first two months of normal service, then twice yearly thereafter.
- This directly addresses the “how often” aspect.
- The additional details (drain/refill, quantity, oil type) are relevant and do not detract from conciseness; they enhance usefulness without being verbose.
- Therefore, the answer is concise, relevant, and helps answer the question.

Relevance: True"
eyJtZXRhZGF0YSI6eyJhbnN3ZXJfaW5zdHJ1Y3Rpb25zX2lkIjoiQSIsImFwcHJvYWNoIjoibG9uZ19jb250ZXh0IiwiZWZmb3J0IjoibG93IiwiZmV3X3Nob3RfaWQiOiJBIiwibWF4X3Rva2VucyI6NTAwMCwibW9kZWwiOiJncHQtNS1taW5pLTIwMjUtMDgtMDciLCJyZWFzb25pbmdfZWZmb3J0IjoibG93IiwidG9wX2siOjF9LCJydW5fdXVpZCI6IjMwNDUzMWQ3LWI3MmQtNGE4NC04MmQwLTQxZDY1YjgwZjBmNiJ9RwpDK5cAujk,True,True,"Correctness: True

Step-by-step reasoning:
- The ground truth specifies using the micrometer nut along with the quill stop to set depth, noting each graduation equals 0.001"" and is read on the side scale.
- The student explicitly states to set the quill stop and micrometer nut to the desired depth, matching the ground truth.
- The student correctly adds that each graduation is 0.001"" and that it reads directly on its scale, which aligns with the ground truth.
- Additional details about engaging the feed trip and auto quill feed are extra but do not conflict with the ground truth.
- No conflicting statements are present relative to the required method and measurement detail.","Relevance: True

Step-by-step reasoning:
- The question asks how to set the maximum depth on a Bridgeport mill, which is controlled by the quill stop/micrometer nut and the feed trip.
- The student identifies the correct controls (micrometer nut and quill stop) and explains their roles in setting depth and stopping the feed.
- They provide actionable steps: set the micrometer nut to the desired depth, lock with the quill stop, and engage the feed trip for automatic stop—this directly answers how to set maximum depth.
- The added details (graduation value, auto-feed engagement, caution about RPM) are on-topic and enhance clarity without being excessively long.
- Therefore, the answer is concise enough and clearly helps answer the question."
eyJtZXRhZGF0YSI6eyJhbnN3ZXJfaW5zdHJ1Y3Rpb25zX2lkIjoiQSIsImFwcHJvYWNoIjoibG9uZ19jb250ZXh0IiwiZWZmb3J0IjoibG93IiwiZmV3X3Nob3RfaWQiOiJBIiwibWF4X3Rva2VucyI6NTAwMCwibW9kZWwiOiJncHQtNS1taW5pLTIwMjUtMDgtMDciLCJyZWFzb25pbmdfZWZmb3J0IjoibG93IiwidG9wX2siOjF9LCJydW5fdXVpZCI6IjMyY2Q4Zjg5LTY4MDktNDM0OS04YmYyLWM0NThkYjljMWJjMiJ96E_d8MBegE4,True,True,"Step-by-step reasoning:
- Safety glasses: Ground truth requires safety glasses. Student specifies approved industrial safety glasses with side shields. This matches.
- Footwear: Ground truth requires sturdy footwear. Student specifies safety shoes with steel toes and oil-resistant soles. This satisfies and exceeds the requirement.
- No rings: Ground truth says no rings. Student says no rings, watches, or jewelry. This includes the ground truth requirement.
- Hair: Ground truth says long and loose hair should be contained. Student says do not have long hair unless contained. This matches.
- Clothing: Ground truth says close fitting/protective clothing must be worn. Student warns against loose clothing and long sleeves, implying close-fitting attire. This is consistent with the ground truth.
- Extras: Mentions gloves, respirator, helmet, hearing protection as needed. These are additional safety notes and do not conflict with the ground truth.

No conflicting statements found, and all required elements are covered accurately.

Correctness: True","Relevance: True

Step-by-step reasoning:
- The question asks specifically about what clothes to wear when operating a mill, implying safe attire and what to avoid.
- The student answer directly addresses appropriate attire: safety glasses, steel-toe, oil-resistant shoes; and explicitly lists what not to wear (gloves, long sleeves, loose clothing, unsecured long hair, rings, watches, jewelry). This aligns with standard milling safety.
- It includes containment of long hair, which is crucial for clothing-related safety around rotating machinery.
- The mention of additional PPE (respirator, helmet, hearing protection) goes slightly beyond “clothes,” but is still relevant to safe operation and not excessively off-topic.
- The response is concise and practical, giving actionable guidance that helps answer the question."
eyJtZXRhZGF0YSI6eyJhbnN3ZXJfaW5zdHJ1Y3Rpb25zX2lkIjoiQSIsImFwcHJvYWNoIjoibG9uZ19jb250ZXh0IiwiZWZmb3J0IjoibG93IiwiZmV3X3Nob3RfaWQiOiJBIiwibWF4X3Rva2VucyI6NTAwMCwibW9kZWwiOiJncHQtNS1taW5pLTIwMjUtMDgtMDciLCJyZWFzb25pbmdfZWZmb3J0IjoibG93IiwidG9wX2siOjF9LCJydW5fdXVpZCI6IjNkMTcwN2VlLTYzMTAtNDk0Mi05ZDY4LWNhYjQ2MDQ1NDQ1MyJ9EZCfBpxlM74,True,True,"Correctness: True

Reasoning:
- The ground truth states that Neutral permits free spindle rotation for indicating and setup, with the motor/electrical off.
- The student states that the Neutral position permits free spindle rotation for indicating and setup. This matches the key function exactly.
- The student adds that the Hi‑Neutral‑Lo lever selects back gear, neutral, or direct drive, which is accurate for a Bridgeport.
- The student’s caution “Do not shift while the motor is running” aligns with the safety implication of having the motor/electrical off and does not conflict with the ground truth.
- No conflicting statements are present, and the extra details are factually correct relative to the ground truth.","Relevance: True

Step-by-step reasoning:
- The question asks specifically what the neutral lever does on a Bridgeport mill.
- The student explains that the Hi‑Neutral‑Lo lever controls back gear/neutral/direct drive and that Neutral allows free spindle rotation, which directly addresses the function of the neutral position.
- The note about using Neutral for indicating/setup clarifies practical purpose, helping answer the question.
- The caution about not shifting while running is extra but still relevant and concise.
- Overall, the answer is concise, directly addresses the neutral lever’s function, and provides helpful context."
eyJtZXRhZGF0YSI6eyJhbnN3ZXJfaW5zdHJ1Y3Rpb25zX2lkIjoiQSIsImFwcHJvYWNoIjoibG9uZ19jb250ZXh0IiwiZWZmb3J0IjoibG93IiwiZmV3X3Nob3RfaWQiOiJBIiwibWF4X3Rva2VucyI6NTAwMCwibW9kZWwiOiJncHQtNS1taW5pLTIwMjUtMDgtMDciLCJyZWFzb25pbmdfZWZmb3J0IjoibG93IiwidG9wX2siOjF9LCJydW5fdXVpZCI6IjNlMWViOWM2LThkMWMtNDExYi1iODE0LTRhNDE5MzkyOThhNSJ9FeryD7Vsy3o,True,True,"Correctness: True

Step-by-step reasoning:
- The ground truth specifies a directional mapping: turning one way decreases speed and the opposite way increases speed.
- The student’s answer states to turn the handwheel toward the “Increase Speed” marking to increase RPM and toward “Decrease Speed” to lower RPM. This is consistent with the ground truth’s effect-based mapping (increase vs. decrease), even though it doesn’t explicitly state left/clockwise vs. right/counterclockwise.
- The student also adds the note to adjust only while the spindle is running, which is accurate for a Bridgeport variable-speed head and does not conflict with the ground truth.
- There are no conflicting statements, and the content is factually accurate relative to the ground truth, though less specific about the exact turning direction.","Step-by-step reasoning:
1) Interpret the question: The user asks which way to turn the Bridgeport mill’s speed-change wheel to adjust speed.
2) Assess the student’s response content: The student advises turning the handwheel toward the “Increase Speed” or “Decrease Speed” markings, and adds the critical note to adjust only while the spindle is running.
3) Check alignment: This directly addresses which way to turn by referencing the labeled directions on the machine, which is appropriate because machines may indicate direction with arrows/labels rather than universal “clockwise/counterclockwise.”
4) Conciseness and relevance: The answer is brief, on-topic, and adds a useful operational caution without extraneous detail.
5) Helpfulness: It enables the user to perform the adjustment correctly using the machine’s markings and emphasizes correct procedure.

Relevance: True"
eyJtZXRhZGF0YSI6eyJhbnN3ZXJfaW5zdHJ1Y3Rpb25zX2lkIjoiQSIsImFwcHJvYWNoIjoibG9uZ19jb250ZXh0IiwiZWZmb3J0IjoibG93IiwiZmV3X3Nob3RfaWQiOiJBIiwibWF4X3Rva2VucyI6NTAwMCwibW9kZWwiOiJncHQtNS1taW5pLTIwMjUtMDgtMDciLCJyZWFzb25pbmdfZWZmb3J0IjoibG93IiwidG9wX2siOjF9LCJydW5fdXVpZCI6IjNmNmZkNzc1LWM4ODUtNGM1MS1hZmVhLWQwMzI2ZjQ5OWExMCJ92pxYyxoLEGg,True,False,"Correctness: True

Step-by-step reasoning:
- The ground truth explicitly says not to use a forklift and to raise the mill using slings under the ram, referencing Figure 1.4.
- The student answer advises lifting with a proper sling placed under the ram and references the same figure. This aligns with the ground truth method.
- The student does not instruct using a forklift, so there is no conflict with the “do not use a forklift” directive.
- Additional details about setting the machine on a level foundation and tightening bolts are extra but do not contradict the ground truth. They are plausibly correct and consistent with safe setup practices.
- There are no conflicting statements within the student answer.","Relevance: False

Step-by-step reasoning:
- The question specifically asks how to use a forklift to move a mill. This implies guidance on fork placement, machine preparation (lowering table/knee, locking axes), balancing/center of gravity, securing/strapping, mast tilt, and safety/capacity checks.
- The student answer focuses on lifting with a sling under the ram, which is a different method than using forklift forks. It does not explain forklift-specific procedures.
- The advice “Do not lift without proper sling” conflicts with the user’s intent to use a forklift to move the mill unless clarifying the use of slings rigged to the forklift, which the answer does not do.
- The added details about setting the machine on a foundation and torqueing hold‑down bolts are not directly relevant to the forklift moving procedure and do not help answer the specific question.
- Therefore, the response is not sufficiently relevant or helpful to the forklift-focused question."
eyJtZXRhZGF0YSI6eyJhbnN3ZXJfaW5zdHJ1Y3Rpb25zX2lkIjoiQSIsImFwcHJvYWNoIjoibG9uZ19jb250ZXh0IiwiZWZmb3J0IjoibG93IiwiZmV3X3Nob3RfaWQiOiJBIiwibWF4X3Rva2VucyI6NTAwMCwibW9kZWwiOiJncHQtNS1taW5pLTIwMjUtMDgtMDciLCJyZWFzb25pbmdfZWZmb3J0IjoibG93IiwidG9wX2siOjF9LCJydW5fdXVpZCI6IjQxM2FlM2Q5LTI0NDEtNDU1Ny04NmM3LWVhMmRiYWM0MWIxNyJ9NdeQHKYOR_g,True,True,"Step-by-step reasoning:
- The ground truth specifies two ranges: low range 60–500 and high range 500–4200.
- The student answer states low range 60–500 RPM and high range 500–4200 RPM.
- The numerical ranges match exactly for both low and high ranges.
- Adding ""RPM"" is consistent and does not introduce any contradiction.
- There are no conflicting statements in the student answer.

Correctness: True","Relevance: True

Step-by-step reasoning:
- The question asks specifically for the operating speeds of a Bridgeport mill in low and high range.
- The student provides two numeric ranges with units (RPM): 60–500 RPM for low and 500–4200 RPM for high.
- This directly addresses both parts of the question (low and high ranges) without extraneous information.
- The answer is concise and clearly helps answer the question."
eyJtZXRhZGF0YSI6eyJhbnN3ZXJfaW5zdHJ1Y3Rpb25zX2lkIjoiQSIsImFwcHJvYWNoIjoibG9uZ19jb250ZXh0IiwiZWZmb3J0IjoibG93IiwiZmV3X3Nob3RfaWQiOiJBIiwibWF4X3Rva2VucyI6NTAwMCwibW9kZWwiOiJncHQtNS1taW5pLTIwMjUtMDgtMDciLCJyZWFzb25pbmdfZWZmb3J0IjoibG93IiwidG9wX2siOjF9LCJydW5fdXVpZCI6IjU4MTM2OTg4LTVlNmItNGM5ZS05NzUwLTVmYzg0NjVlNTIxZSJ9j5WOcvYabmA,True,True,"Correctness: True

Step-by-step reasoning:
- The ground truth states there are two ranges because the Hi‑Neutral‑Lo lever selects mechanical gearing (back gear for low torque/high reduction and direct drive for high), and the speed ranges correspond to that setting.
- The student correctly identifies the two ranges as back‑gear (low) and direct‑drive (high), and gives the correct RPM spans (60–500 and 500–4200), matching the ground truth.
- The student notes the Hi‑Neutral‑Lo lever is used to change ranges and mentions rotating the spindle to mesh gears before selecting Lo or Hi—this aligns with the provided procedure.
- Mentioning that the variable speed dial sets speed within the selected range is accurate for a Bridgeport variable‑speed head and does not conflict with the ground truth.
- The student does not include cautions about the feed worm or the drum switch steps, but omission is acceptable per the grading criteria since there is no contradiction.","Relevance: True

Step-by-step reasoning:
- The question asks why there are two ranges on the Bridgeport mill’s speed change flywheel.
- The student explains that the head has a back-gear (low) and direct-drive (high) range, which together provide a wide RPM span. This directly addresses the “why”: to cover both low-speed/high-torque and high-speed operations.
- The student provides typical RPM ranges, reinforcing the purpose of having two ranges.
- They note that the Hi‑Neutral‑Lo lever selects the range and the variable speed dial adjusts within that range, which clarifies how the two ranges are used in practice.
- While mentioning the change procedure is slightly beyond the core “why,” it remains relevant and does not detract from conciseness.

Conclusion: The answer is concise, focused on the reason for two ranges, and helps the reader understand both the rationale and basic operation."
eyJtZXRhZGF0YSI6eyJhbnN3ZXJfaW5zdHJ1Y3Rpb25zX2lkIjoiQSIsImFwcHJvYWNoIjoibG9uZ19jb250ZXh0IiwiZWZmb3J0IjoibG93IiwiZmV3X3Nob3RfaWQiOiJBIiwibWF4X3Rva2VucyI6NTAwMCwibW9kZWwiOiJncHQtNS1taW5pLTIwMjUtMDgtMDciLCJyZWFzb25pbmdfZWZmb3J0IjoibG93IiwidG9wX2siOjF9LCJydW5fdXVpZCI6IjYxM2FiMmUzLTFmOWMtNGZhOS05OTllLTEyYjA0MzJiMjMxZiJ9Bzb_--FSVrg,True,True,"Correctness: True

Reasoning:
- The ground truth says the process is: remove the set screw, then unscrew the nose piece.
- The student states the same core steps: remove set screw “R” first, then unscrew the nose cap (nosepiece) “S”.
- Additional details (marking reference lines, optional removal of lock/collet aligning screws, reassembly cautions, gap specification) do not contradict the ground truth and are consistent with typical Bridgeport procedures.
- There are no conflicting statements; the warning about not unscrewing the nose cap before removing the set screw aligns with the ground truth.","Relevance: True

Reasoning:
- The question asks for the procedure to remove the nose piece on a Bridgeport mill.
- The student clearly outlines the key steps: mark reference lines, remove the set screw “R,” then unscrew the nose cap “S.” This directly answers how to remove the nose piece.
- The warning not to attempt removal before taking out the set screw is highly relevant and prevents damage.
- Additional notes about the collet aligning screw and reassembly are related and helpful, though slightly beyond the minimal scope. They do not detract from conciseness and remain relevant to the task.
- Overall, the answer is concise, specific, and provides actionable steps that address the question."
eyJtZXRhZGF0YSI6eyJhbnN3ZXJfaW5zdHJ1Y3Rpb25zX2lkIjoiQSIsImFwcHJvYWNoIjoibG9uZ19jb250ZXh0IiwiZWZmb3J0IjoibG93IiwiZmV3X3Nob3RfaWQiOiJBIiwibWF4X3Rva2VucyI6NTAwMCwibW9kZWwiOiJncHQtNS1taW5pLTIwMjUtMDgtMDciLCJyZWFzb25pbmdfZWZmb3J0IjoibG93IiwidG9wX2siOjF9LCJydW5fdXVpZCI6IjYxYTZiNTc4LWFhMDctNGM4Mi05ZTc3LWUzZjMzNjVlYmEzNyJ9gjlYAwKlaZQ,True,True,"Step-by-step reasoning:
- The ground truth states the correct number of stud motor mounting rings is 2.
- The student answer explicitly states there should be two stud motor mounting rings.
- The additional details (part name, dimensions, Bridgeport mention) do not conflict with the ground truth and are acceptable as extra information.

Correctness: True","Relevance: True

Reasoning:
- The question asks specifically for the quantity of stud motor mounting rings needed for the E-HEAD assembly.
- The student directly provides a clear count, which addresses the core of the question.
- The answer is concise and includes the part identification and size, which adds helpful specificity without being extraneous.
- Therefore, the response is relevant and helps answer the question."
eyJtZXRhZGF0YSI6eyJhbnN3ZXJfaW5zdHJ1Y3Rpb25zX2lkIjoiQSIsImFwcHJvYWNoIjoibG9uZ19jb250ZXh0IiwiZWZmb3J0IjoibG93IiwiZmV3X3Nob3RfaWQiOiJBIiwibWF4X3Rva2VucyI6NTAwMCwibW9kZWwiOiJncHQtNS1taW5pLTIwMjUtMDgtMDciLCJyZWFzb25pbmdfZWZmb3J0IjoibG93IiwidG9wX2siOjF9LCJydW5fdXVpZCI6IjYxZTM4ZDQ3LTI3M2MtNGFmYy05MDg4LWQ5N2I0ZTY4MWQxZCJ98BMNaPgkvTw,True,False,"Correctness: True

Step-by-step reasoning:
- The ground truth states the indicator for replacement is when the brake “does not tighten well,” and that the manual offers no further instruction on determining this.
- The student answer says to replace the brake when it is “worn out” and notes there are no field adjustments. “Worn out” aligns with the condition of not tightening well, so this matches the essence of the ground truth.
- The statement about “no field adjustments” is consistent with the idea that the manual provides no further guidance beyond replacement.
- The added reference to a replacement procedure provides extra information about how to replace, not how to diagnose wear. This does not contradict the ground truth’s diagnostic guidance and is acceptable per the criteria, as it does not introduce conflicting statements.","Relevance: False

Reasoning:
- The question asks for how to determine when the brake shoe needs replacement, which implies specific indicators or diagnostics (e.g., symptoms, measurements, or inspection criteria).
- The student answer states that the brake must be replaced “when worn out” and that there are no adjustments, which is circular and does not provide observable signs or thresholds to identify “worn out.”
- While concise, the response does not help the user diagnose the condition; it lacks actionable criteria such as slippage under braking, inability to hold the spindle, abnormal noise, visual wear thickness limits, glazing/cracking, or reach of the brake lever.
- Referencing the replacement procedure is not responsive to the question of “how to know” it needs replacement.

Because it does not give specific, usable indicators to determine wear, the answer is not fully relevant or helpful to the question."
eyJtZXRhZGF0YSI6eyJhbnN3ZXJfaW5zdHJ1Y3Rpb25zX2lkIjoiQSIsImFwcHJvYWNoIjoibG9uZ19jb250ZXh0IiwiZWZmb3J0IjoibG93IiwiZmV3X3Nob3RfaWQiOiJBIiwibWF4X3Rva2VucyI6NTAwMCwibW9kZWwiOiJncHQtNS1taW5pLTIwMjUtMDgtMDciLCJyZWFzb25pbmdfZWZmb3J0IjoibG93IiwidG9wX2siOjF9LCJydW5fdXVpZCI6IjZjNTU1Mjc1LThkOTQtNDIwYy1iNDM5LWNiZDcxNzZjZWM0YSJ9IIBlF6hC9pU,False,True,"Correctness: False

Step-by-step reasoning:
- The ground truth specifies three points: disengage the Auto Quill Feed (control “D”), set the Feed Reverse knob/selector (“F”) to the mid (neutral) position, and then the quill is under handwheel control.
- The student correctly states to disengage the automatic quill feed (control “D”) and to place the Feed Reverse knob (“F”) in neutral, which aligns with the ground truth.
- However, the student also adds: “Ensure the Feed Reverse knob is in Neutral and the Feed Control Lever is engaged if using the manual feed handwheel.” Referring to the “Feed Control Lever” as engaged contradicts the earlier (and correct) instruction to disengage the Auto Quill Feed (control “D”), which is the feed control lever for the power feed. This introduces a conflicting statement within the answer.
- Because the student answer contains an internal contradiction relative to the required state (auto feed disengaged), it fails criterion (2) despite otherwise matching the ground truth steps.","Relevance: True

Step-by-step reasoning:
- The question asks specifically how to put the Bridgeport mill’s quill into hand feed mode.
- The student instructs to disengage the automatic/power quill feed and set the feed reverse/selector to neutral so the quill is controlled by the manual handwheel.
- These are the key actions required on a Bridgeport to switch from power feed to manual hand feed.
- The answer is concise, directly addresses the controls involved (auto feed disengage and feed reverse knob to neutral), and explains the resulting state (quill under handwheel control).
- It also adds a brief operational note (clockwise on the handwheel moves the quill down), which helps in practical use.
- While it could optionally mention ensuring the quill lock is released, the provided steps are sufficient and relevant to achieve hand feed mode."
eyJtZXRhZGF0YSI6eyJhbnN3ZXJfaW5zdHJ1Y3Rpb25zX2lkIjoiQSIsImFwcHJvYWNoIjoibG9uZ19jb250ZXh0IiwiZWZmb3J0IjoibG93IiwiZmV3X3Nob3RfaWQiOiJBIiwibWF4X3Rva2VucyI6NTAwMCwibW9kZWwiOiJncHQtNS1taW5pLTIwMjUtMDgtMDciLCJyZWFzb25pbmdfZWZmb3J0IjoibG93IiwidG9wX2siOjF9LCJydW5fdXVpZCI6IjZkYzJjN2MyLTQ4ZDctNDJhZS1iODAxLWY3ODY0YjllZjk1YiJ95o2o88SGfR4,True,True,"Step-by-step reasoning:
- The ground truth states: Do not wear gloves while operating equipment because gloves are easily caught in moving parts.
- The student answer says: No, do not wear gloves while operating the milling machine; gloves can become caught in moving parts and cause injury.
- This directly matches both the directive (do not wear gloves) and the rationale (entanglement hazard).
- The additional note about avoiding loose clothing, rings, watches, and long hair is consistent with the same safety principle and does not conflict with the ground truth.

Correctness: True","Relevance: True

Step-by-step reasoning:
- The question asks for a clear yes/no (should I wear gloves) and a justification (why or why not).
- The student directly answers “No” and immediately provides the safety reason: gloves can get caught in moving parts and cause injury.
- This reason is accurate, directly tied to milling machine hazards, and addresses the “why.”
- The student further supports the claim by citing the manual and noting related entanglement risks (loose clothing, jewelry, hair), which reinforces the core safety rationale.
- The response is concise and stays focused on the question without extraneous detail.

Conclusion: The answer is concise, relevant, and effectively helps answer the question with a correct safety rationale."
eyJtZXRhZGF0YSI6eyJhbnN3ZXJfaW5zdHJ1Y3Rpb25zX2lkIjoiQSIsImFwcHJvYWNoIjoibG9uZ19jb250ZXh0IiwiZWZmb3J0IjoibG93IiwiZmV3X3Nob3RfaWQiOiJBIiwibWF4X3Rva2VucyI6NTAwMCwibW9kZWwiOiJncHQtNS1taW5pLTIwMjUtMDgtMDciLCJyZWFzb25pbmdfZWZmb3J0IjoibG93IiwidG9wX2siOjF9LCJydW5fdXVpZCI6IjZkYzQzYmFhLTdjNTUtNGFiMS05Njg4LWM5MjZlMjY1MGYwNCJ9mnq7JHivioQ,True,True,"Step-by-step reasoning:
- The ground truth requires: disconnect power; loosen two motor locknuts; slide motor forward; move the V-belt to the desired pulleys; slide motor back to tension; tighten locknuts.
- The student states: disconnect power; loosen two motor locknuts; slide motor forward; reposition the V-belt on desired pulleys; slide motor rear to re-tension; tighten the two motor locknuts.
- Each step matches the ground truth in order and substance.
- The added safety notes (ensure power is disconnected; re-tension and secure before powering on) are consistent and do not conflict with the procedure.

Correctness: True","Relevance: True

Step-by-step reasoning:
- The question asks for how to change the e-head speed on a Bridgeport mill, which implies a practical procedure.
- The student answer provides a clear, sequential method: disconnect power, loosen motor locknuts, move the motor to slacken the belt, change the V-belt position on the pulleys, re-tension by sliding the motor back, and retighten locknuts.
- These steps directly correspond to the standard procedure for changing spindle speed on a belt-driven Bridgeport head, which is commonly applicable.
- The answer includes essential safety (power disconnected) and completion steps (re-tension belt, tighten locknuts) that ensure the procedure is correctly and safely performed.
- The response is concise and focused on the requested task without extraneous information, thus meeting both criteria of being concise/relevant and helping to answer the question."
eyJtZXRhZGF0YSI6eyJhbnN3ZXJfaW5zdHJ1Y3Rpb25zX2lkIjoiQSIsImFwcHJvYWNoIjoibG9uZ19jb250ZXh0IiwiZWZmb3J0IjoibG93IiwiZmV3X3Nob3RfaWQiOiJBIiwibWF4X3Rva2VucyI6NTAwMCwibW9kZWwiOiJncHQtNS1taW5pLTIwMjUtMDgtMDciLCJyZWFzb25pbmdfZWZmb3J0IjoibG93IiwidG9wX2siOjF9LCJydW5fdXVpZCI6IjZlYWFjNDRkLWIzZmQtNGRiZi1iOWFjLTRlN2I1ZjU1YWE3OCJ9oLBcn7QvwV4,True,True,"Step-by-step reasoning:
- The ground truth states you must release the spindle brake before starting the motor to avoid damaging the motor if started with the brake locked.
- The student answer explicitly says to release the spindle brake before starting the motor/spindle.
- The student also notes the reason: starting with the brake locked can damage the motor, which matches the ground truth.
- There are no conflicting statements, and any additional wording aligns with the ground truth.

Correctness: True","Step-by-step reasoning:
- The question asks for a clear operational decision: whether to release the spindle brake before starting the spindle on a Bridgeport mill.
- The student’s response directly addresses this by giving a definitive action and ties it to the correct machine component (spindle/motor).
- The answer is concise and stays on topic, without unnecessary detail.
- It adds useful context (manual warning about potential motor damage if started with the brake engaged), which helps justify the instruction and reinforces safe practice.

Relevance: True"
eyJtZXRhZGF0YSI6eyJhbnN3ZXJfaW5zdHJ1Y3Rpb25zX2lkIjoiQSIsImFwcHJvYWNoIjoibG9uZ19jb250ZXh0IiwiZWZmb3J0IjoibG93IiwiZmV3X3Nob3RfaWQiOiJBIiwibWF4X3Rva2VucyI6NTAwMCwibW9kZWwiOiJncHQtNS1taW5pLTIwMjUtMDgtMDciLCJyZWFzb25pbmdfZWZmb3J0IjoibG93IiwidG9wX2siOjF9LCJydW5fdXVpZCI6IjdmMzFjZWMzLTdhOTItNDVjZi1iNWYyLWQ3YzQ2OTM0MTliYyJ9W4IcCgG4FIk,False,False,"Step-by-step reasoning:

- The ground truth specifies a concise pre-operational safety check including: clearing slip/trip hazards, locating ON/OFF and E‑Stop, not leaving equipment on the machine, confirming guards in place, verifying cutter condition and secure mounting, checking coolant flow, not using/reporting faulty equipment, and lubricating the quill at least every other day.
- The student provides a broad pre‑use/installation list (reading manual, uncrating, leveling, electrical hookup, etc.) and some operational checks (guards/shields present, remove loose parts, lubrication per chart).
- Alignment with ground truth:
  - Guards in position: covered (verify safeguard/shields).
  - Not leaving equipment on machine: partially covered (remove loose parts/tools).
  - Lubrication: mentioned generally, but not the specific “lubricate quill at least every other day.”
- Missing or insufficient items relative to ground truth:
  - No explicit check for slip/trip hazards.
  - No instruction to locate and be familiar with the ON/OFF starter and E‑Stop.
  - No explicit check that the cutter is in good condition and securely mounted.
  - No check of the coolant delivery system for sufficient flow.
  - No directive to avoid using and to report faulty equipment.
  - No specific quill lubrication frequency (“at least every other day”).
- Extra installation/commissioning steps (uncrating, foundation leveling, electrician hookup) are not problematic by themselves, but they do not fulfill the required pre‑operational safety checklist items that are missing.

Conclusion: Because several key required steps from the ground truth are omitted or not specifically addressed, the answer is not correct.

Correctness: False","Relevance: False

Step-by-step reasoning:
- The question asks for the steps of a pre-operational safety check on a Bridgeport mill. In most shop contexts, a “pre-operational safety check” is a concise, repeatable operator checklist done before each use (e.g., verify guards, remove wrenches, check lubrication/coolant, ensure proper PPE, test controls/brakes/E-stop, verify spindle rotation, secure work/tooling).
- The student explicitly frames their list as “before first operation” and includes many installation/commissioning tasks (uncrating, shipment inspection, foundation leveling and bolt torqueing, electrician wiring, initial cleaning of protective coatings). These are not part of a routine pre-use safety check and therefore are not directly responsive to the question.
- While the answer does include several relevant pre-op items (guards in place, remove loose tools, lubrication, spindle rotation check, verify controls, PPE, secure work), they are mixed with multiple non-pre-op, one-time installation steps. This dilutes relevance and makes the response less concise for the stated purpose.
- The inclusion of extraneous commissioning steps means the answer is not tightly focused on the pre-operational safety check and could mislead an operator about what must be done each time before running the mill.
- Therefore, the response does not fully meet the criteria of being concise and directly helpful to answer the specific question."
eyJtZXRhZGF0YSI6eyJhbnN3ZXJfaW5zdHJ1Y3Rpb25zX2lkIjoiQSIsImFwcHJvYWNoIjoibG9uZ19jb250ZXh0IiwiZWZmb3J0IjoibG93IiwiZmV3X3Nob3RfaWQiOiJBIiwibWF4X3Rva2VucyI6NTAwMCwibW9kZWwiOiJncHQtNS1taW5pLTIwMjUtMDgtMDciLCJyZWFzb25pbmdfZWZmb3J0IjoibG93IiwidG9wX2siOjF9LCJydW5fdXVpZCI6IjgxM2FjZDUxLTdlYjMtNGQwMS04YTc5LTFhMGNiNTc0MDA3OSJ9Tv2cOIWejLE,True,True,"Step-by-step reasoning:
- The ground truth states that the Hi–Lo lever must never be shifted while the motor is running.
- The student explicitly states the same prohibition and even quotes it.
- The student provides steps only for changing ranges with the spindle stopped, which does not conflict with the ground truth.
- The student clearly says there is no safe/manual-approved way to change range without stopping the motor, aligning with the ground truth.
- There are no conflicting statements in the student’s answer.

Correctness: True","Relevance: True

Step-by-step reasoning:
- The question asks for instructions to shift the Hi‑Lo lever without turning the motor off and explicitly says not to repeat safety warnings.
- The student’s answer directly addresses the exact operation (shifting the Hi‑Lo lever on a Bridgeport mill) and cites the manual stating it must not be done while running.
- They then provide the correct, step-by-step procedure for changing ranges with the spindle stopped (both to LOW and to HIGH), which is the manufacturer-approved method.
- While the student refuses to provide the unsafe procedure requested, they still help resolve the underlying task (changing ranges) by giving the proper steps and clarifying that there is no safe/manual-sanctioned way to do it while running.
- The response is concise, relevant to the specific control (Hi‑Lo lever), and provides actionable steps aligned with the correct operation.

Therefore, the answer is relevant and helps address the user’s request in a safe and authoritative way."
eyJtZXRhZGF0YSI6eyJhbnN3ZXJfaW5zdHJ1Y3Rpb25zX2lkIjoiQSIsImFwcHJvYWNoIjoibG9uZ19jb250ZXh0IiwiZWZmb3J0IjoibG93IiwiZmV3X3Nob3RfaWQiOiJBIiwibWF4X3Rva2VucyI6NTAwMCwibW9kZWwiOiJncHQtNS1taW5pLTIwMjUtMDgtMDciLCJyZWFzb25pbmdfZWZmb3J0IjoibG93IiwidG9wX2siOjF9LCJydW5fdXVpZCI6IjgyY2UyNmIxLWM2NDItNDZjZS05MzU2LTMwNDE1NTk3YmNkYSJ9HdknC5wJrCY,True,True,"Step-by-step reasoning:
- The ground truth states that rings and jewellery must not be worn.
- The student answers ""No"" and explicitly says not to wear rings, watches, or jewelry (including gold) while operating the Bridgeport mill.
- This directly matches the prohibition in the ground truth and is consistent with typical safety guidelines.
- The additional rationale about moving parts and injury does not conflict with the ground truth and is accurate.

Correctness: True","Relevance: True

Step-by-step reasoning:
- The question asks whether it’s okay to wear gold around a Bridgeport mill, with concern about scratching.
- The student directly answers “No,” specifying not to wear rings, watches, or jewelry (including gold) when operating the mill.
- They support the answer with a safety-based rationale and a manual warning about jewelry getting caught in moving parts.
- While the student focuses on safety rather than the scratch concern, the core question—whether it’s okay to wear gold around the mill—is effectively answered with a clear prohibition and justification.
- The response is concise, on-topic, and helps the asker make a safe, practical decision (don’t wear jewelry near/when using the mill), which implicitly eliminates the scratch risk as well."
eyJtZXRhZGF0YSI6eyJhbnN3ZXJfaW5zdHJ1Y3Rpb25zX2lkIjoiQSIsImFwcHJvYWNoIjoibG9uZ19jb250ZXh0IiwiZWZmb3J0IjoibG93IiwiZmV3X3Nob3RfaWQiOiJBIiwibWF4X3Rva2VucyI6NTAwMCwibW9kZWwiOiJncHQtNS1taW5pLTIwMjUtMDgtMDciLCJyZWFzb25pbmdfZWZmb3J0IjoibG93IiwidG9wX2siOjF9LCJydW5fdXVpZCI6IjhhZmU0NjEwLWY1Y2ItNDVlMi1hNWJmLWU1NTIwMjUzNTVhYyJ9Vs_tKlUu4cE,True,True,"Correctness: True

Step-by-step reasoning:
- The ground truth states that the Hi–Lo lever must never be shifted while the motor/spindle is running, and that you should turn the motor off and stop the spindle (using the brake if needed) before changing ranges, then re-engage the motor.
- The student explicitly instructs not to shift while the spindle is turning and to stop the spindle first, which aligns with the core safety requirement.
- They provide steps for switching to both back gear (low) and direct drive (high) that involve turning the switch to OFF first, then moving the Hi–Neutral–Lo lever, and then restarting—consistent with “stop, shift, then re-engage.”
- The additional detail about rotating the spindle by hand to engage clutches in direct drive does not conflict with the ground truth and is commonly correct practice.
- Although the student does not explicitly mention applying the brake, omission of that detail does not create a conflict with the ground truth.

Therefore, the student’s answer is factually accurate relative to the ground truth.","Step-by-step reasoning:
- The question asks what to do next after starting the machine to change the hi-lo lever on a Bridgeport mill. The key safety/operational point is that you must not shift the hi/lo range while the spindle is running.
- The student immediately addresses this by instructing to stop the spindle before shifting, which directly corrects the premise and answers the “next steps.”
- They provide clear, concise, actionable steps for both selecting Back Gear (low) and Direct Drive (high), including the necessary detail to rotate the spindle by hand for clutch engagement in high—this is correct and practical.
- They include relevant precautions reinforcing not to change range while running, which is crucial and supports the main instruction.
- The answer is organized, brief enough, and stays on-topic. References to figures are extra but do not detract from relevance; the only minor nit is the phrasing about the drum switch “to low/high,” which may vary by machine labeling, but the intended action (set the switch after shifting) is clear and useful.

Relevance: True"
eyJtZXRhZGF0YSI6eyJhbnN3ZXJfaW5zdHJ1Y3Rpb25zX2lkIjoiQSIsImFwcHJvYWNoIjoibG9uZ19jb250ZXh0IiwiZWZmb3J0IjoibG93IiwiZmV3X3Nob3RfaWQiOiJBIiwibWF4X3Rva2VucyI6NTAwMCwibW9kZWwiOiJncHQtNS1taW5pLTIwMjUtMDgtMDciLCJyZWFzb25pbmdfZWZmb3J0IjoibG93IiwidG9wX2siOjF9LCJydW5fdXVpZCI6IjhmOTA3NTNkLTFjOTAtNDkyNC04NTg3LWZkN2YxOWU1YzUzMiJ987ryBsQGUUU,False,True,"Step-by-step reasoning:
- The ground truth states that knob “I” is the Feed Control Lever and that depth is adjusted using the micrometer Dial/Nut labeled “H.”
- The student correctly identifies “I” as the feed control lever and suggests using a micrometer nut to set depth, which aligns with the method.
- However, the student labels the micrometer nut as “F” and further says the manual handwheel is “H,” which directly conflicts with the ground truth labeling that depth is controlled by micrometer nut “H.”
- Extra details (quill travel = 5.0"", using the quill stop) do not conflict, but the incorrect labeling of the depth control is a factual inaccuracy relative to the ground truth.

Conclusion: Because the student misidentifies the correct control label for depth (using “F” instead of “H”), the answer does not fully meet the criteria.

Correctness: False","Relevance: True

Step-by-step reasoning:
- The question mentions adjusting depth via knob “I.” On a Bridgeport, lever/knob “I” is the quill feed control, not the depth-setting mechanism.
- Proper depth is set with the quill stop and micrometer nut (typically labeled “E” and “F”), not with “I.”
- If the intended hole depth is 1 inch, you should set the quill depth stop to 1.000"".
- The student correctly states to use the micrometer nut “F” and quill stop “E” to set 1.000"" and use lever “I” to engage feed, which directly addresses the task and clarifies the correct controls.
- The note that quill travel is 5"" confirms a 1"" depth is within range, supporting the answer without extraneous detail.

Conclusion: The student’s answer is concise, relevant, and helps answer how deep to set (1.000"") and how to set it (use “F”/“E,” not “I”)."
eyJtZXRhZGF0YSI6eyJhbnN3ZXJfaW5zdHJ1Y3Rpb25zX2lkIjoiQSIsImFwcHJvYWNoIjoibG9uZ19jb250ZXh0IiwiZWZmb3J0IjoibG93IiwiZmV3X3Nob3RfaWQiOiJBIiwibWF4X3Rva2VucyI6NTAwMCwibW9kZWwiOiJncHQtNS1taW5pLTIwMjUtMDgtMDciLCJyZWFzb25pbmdfZWZmb3J0IjoibG93IiwidG9wX2siOjF9LCJydW5fdXVpZCI6IjkwYTc1NzE4LTE5NmItNDA3Yi1iZThlLTJhZGRjOGRkNjJjNyJ92t92r9xhUVg,False,True,"Step-by-step reasoning:
- The ground truth explicitly says not to use the spindle brake and advises to come off the workpiece instead of stopping the spindle mid-cut.
- The student instructs to use the machine’s spindle brake and provides steps for engaging it.
- This directly contradicts the ground truth guidance.
- Therefore, the student’s recommendation is factually inaccurate relative to the ground truth.

Correctness: False","Step-by-step reasoning:
- The question asks specifically what kind of brake to use to stop the spindle mid cut for precision on a mill.
- The student identifies the appropriate device: the machine’s built-in spindle brake (lever-actuated brake in the head), which directly answers the “what kind” question.
- The student provides brief operational guidance (how to engage/release), which supports practical use and safety.
- While the mention of “no field adjustments” and the specific “[Mill (Bridgeport)]” note are slightly extra, they do not detract from relevance and still pertain to the same context.

Conclusion: The answer is concise enough, on-topic, and helps answer the question by naming the correct brake and how to use it.

Relevance: True"
eyJtZXRhZGF0YSI6eyJhbnN3ZXJfaW5zdHJ1Y3Rpb25zX2lkIjoiQSIsImFwcHJvYWNoIjoibG9uZ19jb250ZXh0IiwiZWZmb3J0IjoibG93IiwiZmV3X3Nob3RfaWQiOiJBIiwibWF4X3Rva2VucyI6NTAwMCwibW9kZWwiOiJncHQtNS1taW5pLTIwMjUtMDgtMDciLCJyZWFzb25pbmdfZWZmb3J0IjoibG93IiwidG9wX2siOjF9LCJydW5fdXVpZCI6IjlkZjEzMmI2LTA4NzItNDhiMS04ZTg1LTBiOWI2ZTE0YTNkYyJ9YnjiSrzo5t8,True,True,"Correctness: True

Step-by-step reasoning:
- The ground truth specifies loosening bolts L and M with the provided wrench. The student says to loosen bolts L and M. While they don’t explicitly mention the wrench, this omission doesn’t conflict with the instructions.
- The ground truth says to move the slide using bolt N. The student correctly states to move the ram slide using bolt N.
- The ground truth says to tighten bolts L and M, starting with the rear bolt. The student repeats this exactly.
- The student adds an extra tip about keeping the head close to the column for heavy milling to maximize rigidity. This is additional advice that does not conflict with the ground truth and is generally correct.

Therefore, the student’s answer is factually accurate relative to the ground truth and contains no conflicting statements.","Step-by-step reasoning:
- Identify the task: The question asks specifically how to move the Ram Slide on a Bridgeport mill, implying a procedural answer.
- Check if the student provides a clear procedure: The answer gives sequential steps—loosen specific bolts, use an adjusting bolt to move the ram, then retighten—matching typical Bridgeport ram movement.
- Assess conciseness and relevance: The response is brief and focused on the operation. The note about keeping the head close to the column is an added best-practice tip directly related to ram positioning and rigidity, not off-topic.
- Determine whether it helps answer the question: The steps are actionable and sufficient to perform the task. The mention of starting with the rear bolt while tightening adds useful detail.

Relevance: True"
eyJtZXRhZGF0YSI6eyJhbnN3ZXJfaW5zdHJ1Y3Rpb25zX2lkIjoiQSIsImFwcHJvYWNoIjoibG9uZ19jb250ZXh0IiwiZWZmb3J0IjoibG93IiwiZmV3X3Nob3RfaWQiOiJBIiwibWF4X3Rva2VucyI6NTAwMCwibW9kZWwiOiJncHQtNS1taW5pLTIwMjUtMDgtMDciLCJyZWFzb25pbmdfZWZmb3J0IjoibG93IiwidG9wX2siOjF9LCJydW5fdXVpZCI6IjllNmNhOGJjLTlkZDgtNGQ4MC04YjdkLWI1NTJiYmNjMTIzNiJ9p-EHkKsEQt4,False,False,"Correctness: False

Step-by-step reasoning:
- The ground truth lists five main safety labeling categories: DANGER, WARNING, CAUTION, NOTICE, and NOTES.
- The student lists: WARNING, CAUTION, NOTE, NOTICE, and general SAFETY / SAFETY RECOMMENDATIONS.
- The student omits DANGER, which is one of the required main categories.
- The student adds “general SAFETY / SAFETY RECOMMENDATIONS,” which is not one of the five main safety labeling categories.
- While “NOTE” vs. “NOTES” is a minor naming difference, the omission of DANGER and inclusion of a non-listed category make the answer factually inaccurate relative to the ground truth.","Relevance: False

Step-by-step reasoning:
- The question asks specifically for the five main categories of safety labeling used in the Bridgeport mill manual.
- The student provides five items, which meets the count, but one of them—“general SAFETY / SAFETY RECOMMENDATIONS”—is a section header or content category, not a safety labeling category.
- Common safety labeling categories in machinery manuals (and likely in the Bridgeport manual) include signal words such as DANGER, WARNING, CAUTION, NOTICE, and NOTE. The student’s list omits DANGER and substitutes a non-label category (“SAFETY / SAFETY RECOMMENDATIONS”).
- While the response is fairly concise and on-topic, it misidentifies the labeling categories, which does not help correctly answer the question."
eyJtZXRhZGF0YSI6eyJhbnN3ZXJfaW5zdHJ1Y3Rpb25zX2lkIjoiQSIsImFwcHJvYWNoIjoibG9uZ19jb250ZXh0IiwiZWZmb3J0IjoibG93IiwiZmV3X3Nob3RfaWQiOiJBIiwibWF4X3Rva2VucyI6NTAwMCwibW9kZWwiOiJncHQtNS1taW5pLTIwMjUtMDgtMDciLCJyZWFzb25pbmdfZWZmb3J0IjoibG93IiwidG9wX2siOjF9LCJydW5fdXVpZCI6ImE2ZDIxNjFjLTM3ZDUtNDcxZC1iYzlkLTViMTgwNzAxOGQxMCJ9Nv36aVr0FRo,False,True,"Correctness: False

Step-by-step reasoning:
- The ground truth states that torque can be changed using the Hi-Neutral-Lo mechanical lever, which selects back gear (higher torque) or direct drive (lower torque), and advises rotating the spindle by hand to mesh gears.
- The student claims it cannot be determined from the documents and that there is no lever torque adjustment described, which directly contradicts the ground truth information about the Hi-Neutral-Lo lever.
- The student’s references to fastener torque specs and the feed control overload clutch are unrelated to the question and do not address the documented method for changing torque via the Hi-Neutral-Lo lever.","Step-by-step reasoning:
- The question is vague (“change the torque of the lever”), which could refer to several mechanisms on a mill. The student acknowledges this ambiguity rather than guessing.
- The student grounds the response in the provided documentation, noting there is no described “lever torque” adjustment and distinguishing between general torque specs (for fasteners) and any lever-specific setting.
- The student highlights the relevant related mechanism—the Feed Control Overload Clutch—stating it is factory set and should not be adjusted, which is directly helpful to someone seeking to change a lever’s torque feel or force.
- The answer is concise and sticks to what the documents support, avoiding irrelevant detail.
- While it does not provide a procedure (none is documented), it helps answer the question by clarifying that such an adjustment is not described and warns against altering the clutch.

Relevance: True"
eyJtZXRhZGF0YSI6eyJhbnN3ZXJfaW5zdHJ1Y3Rpb25zX2lkIjoiQSIsImFwcHJvYWNoIjoibG9uZ19jb250ZXh0IiwiZWZmb3J0IjoibG93IiwiZmV3X3Nob3RfaWQiOiJBIiwibWF4X3Rva2VucyI6NTAwMCwibW9kZWwiOiJncHQtNS1taW5pLTIwMjUtMDgtMDciLCJyZWFzb25pbmdfZWZmb3J0IjoibG93IiwidG9wX2siOjF9LCJydW5fdXVpZCI6ImE3MTFiNjExLThjNmItNDA4Ny1iOWMxLTY4NGY2NTk1ZmM4YyJ9Hl_gngE5a9g,True,True,"Correctness: True

Step-by-step reasoning:
- The ground truth says the next step is to pull the Hi‑Neutral‑Lo lever in toward the machine and change direction, with an audible click indicating it’s in place.
- The student advises stopping the spindle (consistent with the machine being unplugged), rotating by hand to align gears, then moving the Hi‑Neutral‑Lo lever to the desired position. This aligns with the core action of changing the lever position and does not contradict the ground truth.
- The student does not mention “pull it in toward the machine” or the audible click, but omission is acceptable as long as there’s no contradiction.
- The added details about safety and alignment are consistent and do not conflict with the ground truth. There are no conflicting statements within the student’s answer.","- The question asks what to do after unplugging the machine to change the Hi‑Neutral‑Lo lever on a Bridgeport mill, implying the next operational step in the shifting process.
- The student outlines a safe and correct sequence: ensure the spindle is not running, rotate the spindle by hand to align gears/clutch, shift the Hi‑Neutral‑Lo lever (through Neutral) to the desired range, and set the drum switch accordingly.
- This directly addresses the “next step” by specifying the immediate action (hand-rotate to align and shift the lever) and includes the follow-up to match the electrical range selection.
- The answer is focused on the relevant procedure; while it includes a brief reminder about the spindle and drum switch despite the machine being unplugged, this is safety-relevant and not extraneous.
- Overall, it is concise enough and provides clear, helpful steps that answer the question.

Relevance: True"
eyJtZXRhZGF0YSI6eyJhbnN3ZXJfaW5zdHJ1Y3Rpb25zX2lkIjoiQSIsImFwcHJvYWNoIjoibG9uZ19jb250ZXh0IiwiZWZmb3J0IjoibG93IiwiZmV3X3Nob3RfaWQiOiJBIiwibWF4X3Rva2VucyI6NTAwMCwibW9kZWwiOiJncHQtNS1taW5pLTIwMjUtMDgtMDciLCJyZWFzb25pbmdfZWZmb3J0IjoibG93IiwidG9wX2siOjF9LCJydW5fdXVpZCI6ImExMWNhOGJiLWU1YWYtNGMwYy04OWYzLThiOGI1ZDIyNzk0NSJ9gM4Vhpg1kw0,True,True,"Step-by-step reasoning:
- The ground truth states that hearing protection may be required for some operations, implying it is not always necessary but is needed in certain situations.
- The student answer says to wear hearing protection “when necessary,” which aligns with the conditional nature indicated by the ground truth.
- The student includes additional details (mentioning the manual and other PPE like respirators and helmets), but these do not conflict with the ground truth and are consistent with safety guidance.
- There are no contradictions in the student’s statement relative to the ground truth.

Correctness: True","Step-by-step reasoning:
- The question asks whether hearing protection is needed around a Bridgeport mill—a safety/PPE requirement.
- The student’s answer directly addresses hearing protection, specifying ear muffs or plugs.
- It cites the manual’s instruction and frames the requirement conditionally (“when necessary”), which aligns with many equipment manuals that require PPE based on noise or task.
- The answer is concise and on-topic. 
- While it could be more specific about when it’s “necessary,” it still helps answer the question by indicating that hearing protection may be required per the manual.

Relevance: True"
eyJtZXRhZGF0YSI6eyJhbnN3ZXJfaW5zdHJ1Y3Rpb25zX2lkIjoiQSIsImFwcHJvYWNoIjoibG9uZ19jb250ZXh0IiwiZWZmb3J0IjoibG93IiwiZmV3X3Nob3RfaWQiOiJBIiwibWF4X3Rva2VucyI6NTAwMCwibW9kZWwiOiJncHQtNS1taW5pLTIwMjUtMDgtMDciLCJyZWFzb25pbmdfZWZmb3J0IjoibG93IiwidG9wX2siOjF9LCJydW5fdXVpZCI6ImFkMmY3YjRmLWViNDQtNGExNS04MmEzLTU5MzM0Mzk2ODMwMyJ99o0svNGjgc8,False,True,"Step-by-step reasoning:
- Both the ground truth and the student say to stop/lock the spindle using the spindle brake. This is consistent.
- The ground truth specifies using a wrench first to start loosening the drawbar while holding the spindle brake, then switching to hand-turning once it’s loose. 
- The student instructs to “loosen the collet back off the drawbar by hand,” implying initial loosening by hand rather than with a wrench. This conflicts with the ground truth’s required use of a wrench to start loosening.
- The student’s mention of tapping the top of the drawbar to release the collet is consistent with the ground truth’s method of knocking the collet loose.
- The student omits explicitly holding the collet while releasing, which is incomplete but not directly contradictory.
- The added detail that the drawbar is 7/16""-20 RH is accurate and not in conflict.

Because the student directs loosening the drawbar by hand instead of first using a wrench as required by the ground truth, there is a factual conflict on a key step.

Correctness: False","Relevance: True

Reasoning:
- The question asks for the steps to change a tool on a Bridgeport mill.
- The student provides a clear sequence: stop the spindle, lock the spindle with the brake/quill, use the drawbar to loosen/tighten the collet (including tapping to release), remove/install the tool/collet, and re-tighten the drawbar. This directly addresses the required procedure.
- Safety reminders (remove chuck wrenches, never change while spindle rotates) are appropriate and support the steps.
- There is a minor redundancy in mentioning locking the spindle twice, but overall the answer remains concise and focused on the task."
eyJtZXRhZGF0YSI6eyJhbnN3ZXJfaW5zdHJ1Y3Rpb25zX2lkIjoiQSIsImFwcHJvYWNoIjoibG9uZ19jb250ZXh0IiwiZWZmb3J0IjoibG93IiwiZmV3X3Nob3RfaWQiOiJBIiwibWF4X3Rva2VucyI6NTAwMCwibW9kZWwiOiJncHQtNS1taW5pLTIwMjUtMDgtMDciLCJyZWFzb25pbmdfZWZmb3J0IjoibG93IiwidG9wX2siOjF9LCJydW5fdXVpZCI6ImI4MjdhZWJlLTNjN2QtNDJhNC05ZjQyLWE4YTBlNWUxY2VkZiJ9DdS_mAX4N50,True,True,"Step-by-step reasoning:
- The ground truth lists items not to wear: gloves, long sleeves, long hair, rings, watches, jewelry, or other items that could become caught in moving parts.
- The student lists all those same items.
- The student adds neckties and “other loose items,” which are consistent with the rationale and do not contradict the ground truth.
- The parenthetical “long hair (unless contained)” refines the guidance but does not conflict with the core safety principle of avoiding entanglement hazards; it aligns with common practice.
- The additional note about wearing safety glasses and safety shoes is extra information and does not contradict the ground truth.

Conclusion: The student answer is factually accurate relative to the ground truth and contains no conflicting statements.

Correctness: True","Relevance: True

Step-by-step reasoning:
- The question asks specifically what should not be worn when using a Bridgeport mill.
- The student lists prohibited items: gloves, long sleeves, unsecured long hair, rings, watches, neckties, jewelry, and other loose items that could catch in moving parts. This directly addresses the question.
- The inclusion of “long hair (unless contained)” clarifies an important safety exception and remains on-topic.
- The additional note about always wearing safety glasses and safety shoes goes slightly beyond “what not to wear,” but it is brief, safety-relevant, and does not detract from answering the question.
- Overall, the response is concise, relevant, and helps answer the question clearly."
eyJtZXRhZGF0YSI6eyJhbnN3ZXJfaW5zdHJ1Y3Rpb25zX2lkIjoiQSIsImFwcHJvYWNoIjoibG9uZ19jb250ZXh0IiwiZWZmb3J0IjoibG93IiwiZmV3X3Nob3RfaWQiOiJBIiwibWF4X3Rva2VucyI6NTAwMCwibW9kZWwiOiJncHQtNS1taW5pLTIwMjUtMDgtMDciLCJyZWFzb25pbmdfZWZmb3J0IjoibG93IiwidG9wX2siOjF9LCJydW5fdXVpZCI6ImJhYzBmOTRiLTI0MTgtNDlmYy04ZTczLWFlMDYxNGUwMjBjYiJ9rD5o3mv706Q,False,False,"Correctness: False

Step-by-step reasoning:
- The ground truth specifies that the small Allen-head screw on the lower backside of the spindle nose is used to align the collet. It details a procedure involving set screw R, nose cap S, lock screw T, and collet aligning screw U.
- The student answer claims the small threaded holes in the spindle nose cap are for mounting a spindle guard and that untapped holes are for a spanner wrench, with notes about post-1983 and pre-1983 machines.
- These functions (guard mounting and spanner holes) are different from the collet-aligning function described in the ground truth.
- Therefore, the student’s explanation does not match the specified purpose of the small Allen-key hole and conflicts with the ground truth’s described function.","Relevance: False

Step-by-step reasoning:
- The question specifically asks about a small Allen key hole on the chuck and its purpose on a Bridgeport mill.
- The student’s answer discusses small threaded and untapped holes in the spindle nose cap used for mounting a spindle guard and for spanner-wrench removal of the nose cap.
- A spindle nose cap is a different component from a chuck (e.g., a drill chuck or end mill holder). The student’s explanation does not address a hole located on the chuck itself.
- The inclusion of manufacturing date details (pre/post 1983) pertains to guard-mounting provisions on the nose cap, not to any feature on a chuck.
- Therefore, the answer is not directly relevant to the asked feature (“on the chuck”) and does not help the reader understand the function of an Allen key hole on the chuck."
eyJtZXRhZGF0YSI6eyJhbnN3ZXJfaW5zdHJ1Y3Rpb25zX2lkIjoiQSIsImFwcHJvYWNoIjoibG9uZ19jb250ZXh0IiwiZWZmb3J0IjoibG93IiwiZmV3X3Nob3RfaWQiOiJBIiwibWF4X3Rva2VucyI6NTAwMCwibW9kZWwiOiJncHQtNS1taW5pLTIwMjUtMDgtMDciLCJyZWFzb25pbmdfZWZmb3J0IjoibG93IiwidG9wX2siOjF9LCJydW5fdXVpZCI6ImNjY2Q1ODFmLTA1OWItNDMxMy05MzJlLTY5YzM1YzNmMjQ3MiJ9bG5b7Whgr7E,True,True,"Correctness: True

Step-by-step reasoning:
- The ground truth says you should not use the electrical “Low” switch alone to reduce spindle speed; you must first engage the mechanical back gear (mechanical LOW). It also states the electrical switch only reverses motor rotation and must be matched to the gear lever position (High-High or Low-Low).
- The student explains that the issue likely comes from incorrect shifting into back gear or not setting the motor direction correctly, and then outlines the correct procedure: stop the spindle, move the Hi‑Neutral‑Lo lever to LOW (mechanical back gear), and set the drum switch to LOW to match the lever. They note mismatching leads to reverse rotation or gears not meshing.
- This matches the ground truth: engage mechanical LOW to reduce speed/raise torque, and ensure the electrical switch (motor direction) is matched to the gear lever.
- The student’s additional cautions (don’t shift ranges while running; adjust vari-speed dial only while running) are accurate and do not conflict with the ground truth.","Relevance: True

Step-by-step reasoning:
- The question asks why a Bridgeport mill won’t “go in” (engage/run) when switching to low speed, seeking a cause related to low torque/low speed selection.
- The student identifies a common, relevant cause: incorrect back-gear shifting while the spindle is running or mismatched motor direction when in back-gear. Both can prevent engagement or cause ineffective drive.
- The student provides actionable steps: stop the spindle before shifting ranges, move the hi/neutral/low lever properly, and set motor direction appropriately—this directly helps the user correct the issue.
- The advice about not changing the speed dial unless the spindle is running is accurate and relevant to Bridgeport procedure.
- Minor issues: the phrasing “set the drum switch to LOW” is imprecise (it’s typically FWD/REV, not “low”), and the answer omits mention of disengaging the direct-drive/bull gear pin (often required to enter back-gear). Despite these, the core guidance remains relevant and helpful to the user’s problem."
eyJtZXRhZGF0YSI6eyJhbnN3ZXJfaW5zdHJ1Y3Rpb25zX2lkIjoiQSIsImFwcHJvYWNoIjoibG9uZ19jb250ZXh0IiwiZWZmb3J0IjoibG93IiwiZmV3X3Nob3RfaWQiOiJBIiwibWF4X3Rva2VucyI6NTAwMCwibW9kZWwiOiJncHQtNS1taW5pLTIwMjUtMDgtMDciLCJyZWFzb25pbmdfZWZmb3J0IjoibG93IiwidG9wX2siOjF9LCJydW5fdXVpZCI6ImQ0NmQxN2E4LWE5ZDAtNDhiZC1hZDk1LTNiN2RlNzE2ODA2ZCJ9bC2-g-OFSqI,True,True,"Correctness: True

Step-by-step reasoning:
- The ground truth states the spindle brake is a large lever on the top-left side of the head assembly. The student says it is on the left side of the belt housing. The belt housing is at the top of the head assembly, so this is consistent with “top-left side of the head assembly.”
- The ground truth cautions to ensure the spindle brake is released before starting the motor. The student includes the same caution.
- The student adds operational detail about moving and locking the lever, which does not conflict with the ground truth and is not required to be evaluated beyond consistency.

Therefore, the student’s answer is factually accurate relative to the ground truth.","Relevance: True

Step-by-step reasoning:
- The question asks specifically for the location of the spindle brake on a Bridgeport mill.
- The student directly states the location: “on the left side of the belt housing,” which addresses the question precisely.
- The additional note on how to operate the brake remains relevant to the context and does not detract from the conciseness; it supports understanding of the identified component.
- The answer is concise, on-topic, and helps the reader identify and use the spindle brake."
eyJtZXRhZGF0YSI6eyJhbnN3ZXJfaW5zdHJ1Y3Rpb25zX2lkIjoiQSIsImFwcHJvYWNoIjoibG9uZ19jb250ZXh0IiwiZWZmb3J0IjoibG93IiwiZmV3X3Nob3RfaWQiOiJBIiwibWF4X3Rva2VucyI6NTAwMCwibW9kZWwiOiJncHQtNS1taW5pLTIwMjUtMDgtMDciLCJyZWFzb25pbmdfZWZmb3J0IjoibG93IiwidG9wX2siOjF9LCJydW5fdXVpZCI6ImRmYzU1NTBiLWYwYzItNGVkNS1hZWU3LTgzNDBhMTYyOTgyNCJ9ykd3Ckgz27A,True,True,"Step-by-step reasoning:
- The ground truth lists six steps: remove motor; lower quill fully; remove two lower cap screws; remove four cap screws; remove top assembly and tap to clear dowels; replace the belt.
- The student’s steps map one-to-one:
  1) Remove the motor — matches.
  2) Lower the quill to full extent — matches.
  3) Remove the two lower cap screws — matches, with labels “M”.
  4) Remove the four cap screws — matches, with labels “N”.
  5) Remove the top assembly and tap to clear dowels — matches, with label “O”.
  6) Replace the timing belt and reassemble — matches and adds a reasonable reassembly note.
- Additional notes (follow manual, cautions) do not conflict with the ground truth and are accurate context.
- No conflicting statements are present.

Correctness: True","Step-by-step reasoning:
1. Identify the user’s intent: They want procedural guidance on replacing a Bridgeport mill timing belt.
2. Check if the student’s answer addresses “how to replace”: The answer provides a sequence of steps (remove motor, lower quill, remove specific screws, lift top assembly, replace belt, reassemble), which directly outlines the procedure.
3. Assess concision and relevance: The answer is brief, focused, and avoids unrelated details.
4. Evaluate usefulness: The steps are actionable and include important prerequisites (motor removal, lowering quill) and a caution to follow the manual. While references to “M,” “N,” and “O” rely on the manual’s diagrams, the guidance still helps perform the task.
5. Determine if anything undermines relevance: No off-topic content; all points support the timing belt replacement task.

Relevance: True"
eyJtZXRhZGF0YSI6eyJhbnN3ZXJfaW5zdHJ1Y3Rpb25zX2lkIjoiQSIsImFwcHJvYWNoIjoibG9uZ19jb250ZXh0IiwiZWZmb3J0IjoibG93IiwiZmV3X3Nob3RfaWQiOiJBIiwibWF4X3Rva2VucyI6NTAwMCwibW9kZWwiOiJncHQtNS1taW5pLTIwMjUtMDgtMDciLCJyZWFzb25pbmdfZWZmb3J0IjoibG93IiwidG9wX2siOjF9LCJydW5fdXVpZCI6ImU3YmNkZDI1LTVkM2YtNGZkNy1iNjdlLWQwMjIxYjBiZDI4NyJ9dBVb8IJkFP0,True,True,"Correctness: True

Step-by-step reasoning:
- The ground truth states the assistant cannot find electricians in the area due to lack of web or location access.
- The student answer states they cannot determine or look up electricians in the user's area from the provided documents.
- These statements are consistent; the student does not claim the ability to look up electricians.
- While the ground truth also includes additional instructions about having a qualified electrician connect the machine and specific setup steps, the grading criteria allow the student answer to be shorter as long as it is factually accurate relative to the ground truth.
- The student answer contains no conflicting statements.","Step-by-step reasoning:
1. Identify the user’s intent: The question asks whether the assistant can look up local electricians specifically related to a Bridgeport mill. It’s essentially a capability check (“Can you look up...?”).
2. Assess conciseness: The student’s response is brief and to the point.
3. Assess relevance: The response directly addresses the capability question by stating they cannot perform the lookup based on the provided documents, which aligns with the user’s request context.
4. Assess helpfulness toward answering the question: Since the question is yes/no about capability, stating “I cannot” does answer it. While it could be more helpful by suggesting next steps, the criteria only require that it helps to answer the question, which it does.

Relevance: True"
eyJtZXRhZGF0YSI6eyJhbnN3ZXJfaW5zdHJ1Y3Rpb25zX2lkIjoiQSIsImFwcHJvYWNoIjoibG9uZ19jb250ZXh0IiwiZWZmb3J0IjoibG93IiwiZmV3X3Nob3RfaWQiOiJBIiwibWF4X3Rva2VucyI6NTAwMCwibW9kZWwiOiJncHQtNS1taW5pLTIwMjUtMDgtMDciLCJyZWFzb25pbmdfZWZmb3J0IjoibG93IiwidG9wX2siOjF9LCJydW5fdXVpZCI6ImUwMWZkN2ZkLTZhMWMtNGIxMS04Nzc5LTM5N2Q1NDUyNTliMCJ9hs02DUZu1GI,True,True,"Correctness: True

Step-by-step reasoning:
- The ground truth states that the Hi/Lo lever controls the gearing of the head (mechanical selection) and the Hi/Lo switch controls the motor’s rotation (electrical direction).
- The student explains that the Hi‑Neutral‑Lo lever is the mechanical range selector (direct/back gear/neutral), which matches “gearing of the head.”
- The student also explains that the High‑Low Range Switch is a motor reversing switch that sets motor rotation direction, matching “rotation of the motor.”
- The additional details about ensuring clockwise spindle rotation in direct and reversing when in back gear are consistent with typical Bridgeport operation and do not conflict with the ground truth.

Therefore, the student’s answer is factually accurate relative to the ground truth.","Relevance: True

Step-by-step reasoning:
- The question asks for the difference between the motor’s high-low switch and the mill’s hi-lo lever.
- The student clearly distinguishes the two:
  - Describes the motor high-low switch as an electrical reversing switch that changes motor rotation to suit direct (high) vs back-gear (low) operation.
  - Describes the mill’s hi-neutral-lo lever as a mechanical range selector that engages direct drive, neutral, or back gear.
- The explanation includes correct functional details (e.g., reversing for back gear, mechanical engagement, neutral, caution about shifting under power), directly addressing how they differ in purpose and operation.
- The answer is concise enough and strictly relevant; the added supporting details reinforce accuracy without straying off-topic.

Therefore, the response both meets concision/relevance criteria and helps answer the question."
eyJtZXRhZGF0YSI6eyJhbnN3ZXJfaW5zdHJ1Y3Rpb25zX2lkIjoiQSIsImFwcHJvYWNoIjoibG9uZ19jb250ZXh0IiwiZWZmb3J0IjoibG93IiwiZmV3X3Nob3RfaWQiOiJBIiwibWF4X3Rva2VucyI6NTAwMCwibW9kZWwiOiJncHQtNS1taW5pLTIwMjUtMDgtMDciLCJyZWFzb25pbmdfZWZmb3J0IjoibG93IiwidG9wX2siOjF9LCJydW5fdXVpZCI6ImUyMGYwZTIzLWFkZjQtNDU2ZS04NmQ5LTU3ZWYzYWFhZmY1MyJ9sakVaeQz4N0,True,True,"Step-by-step reasoning:
- The ground truth states that there is no specified type of cloth to use when cleaning the mill.
- The student states that the manual does not specify a particular type of cloth, which aligns with the ground truth.
- The student adds related details about cleaning solution and safety warnings, which do not contradict the ground truth.
- The additional note about not moving parts until cleaned and lubricated is extra but consistent and not in conflict.

Correctness: True","Relevance: True

Step-by-step reasoning:
- The question asks specifically whether a particular type of cloth should be used to clean a Bridgeport mill.
- The student states that the manual does not specify a particular type of cloth, which directly addresses the question.
- The added note about using a suitable cleaning solution and avoiding flammable agents is relevant to the cleaning context and supports the answer.
- The extra note about not moving parts until cleaned and lubricated is slightly tangential but still related to the cleaning process.
- The response is concise and provides information that helps answer the original question."
eyJtZXRhZGF0YSI6eyJhbnN3ZXJfaW5zdHJ1Y3Rpb25zX2lkIjoiQSIsImFwcHJvYWNoIjoibG9uZ19jb250ZXh0IiwiZWZmb3J0IjoibG93IiwiZmV3X3Nob3RfaWQiOiJBIiwibWF4X3Rva2VucyI6NTAwMCwibW9kZWwiOiJncHQtNS1taW5pLTIwMjUtMDgtMDciLCJyZWFzb25pbmdfZWZmb3J0IjoibG93IiwidG9wX2siOjF9LCJydW5fdXVpZCI6ImY1ZmYyYThjLTY4Y2YtNDc5MC04ZWNkLTM4YjE1N2ZjMWEzOSJ9RtFuny7xH-U,False,True,"Step-by-step reasoning:

- The ground truth specifies a single mounting scheme: use the two tapped holes in the spindle nose cap to mount the guard. The two untapped holes are only for using a spanner wrench to remove the nose cap. Steps: place the mounting ring under the guard top, insert two socket head cap screws through the ring and hand-start into the tapped holes, align square to the table, then tighten with a hex Allen wrench.

- The student correctly states the guard attaches to the spindle nose cap and, for the main case, gives steps that match the ground truth: mounting ring under the guard, two socket head cap screws into the two threaded holes, align to the table, tighten with an Allen wrench.

- However, the student also instructs that on older machines you should tap the existing spanner-wrench holes and then mount the guard. This conflicts with the ground truth, which distinguishes the two tapped mounting holes from the two untapped spanner holes and implies the spanner holes are not for mounting.

- The student further includes an alternative quick-change spindle procedure using a mounting ring and four screws. The ground truth does not mention or allow for this alternate 4-screw method and presents the two-tapped-hole method as the correct approach, so this addition introduces conflicting instructions relative to the given answer.

- Because the student answer contains instructions that conflict with the ground truth (tapping and using spanner holes; 4-screw alternative), it does not fully meet the criteria.

Correctness: False","Step-by-step reasoning:
- The question asks for two things: the steps to mount the spindle guard and the exact attachment location.
- The student clearly identifies the attachment point as the spindle nose cap on the quill nose, which directly answers “Where do I attach the spindle guard?”
- The student provides step-by-step procedures for multiple common spindle configurations (R-8, quick-change) and includes a retrofit approach for older machines, which addresses “What are the steps I should follow?”
- The instructions include specific fasteners, tools (3/16"" Allen), alignment guidance, and order of operations, which are actionable and directly useful.
- Safety and material notes are relevant to spindle guard use and not distracting; they support the task without introducing unrelated content.
- The answer is focused on the mounting task and avoids unrelated details; given the complexity, the length is appropriate and concise.

Relevance: True"
eyJtZXRhZGF0YSI6eyJhbnN3ZXJfaW5zdHJ1Y3Rpb25zX2lkIjoiQSIsImFwcHJvYWNoIjoibG9uZ19jb250ZXh0IiwiZWZmb3J0IjoibG93IiwiZmV3X3Nob3RfaWQiOiJBIiwibWF4X3Rva2VucyI6NTAwMCwibW9kZWwiOiJncHQtNS1taW5pLTIwMjUtMDgtMDciLCJyZWFzb25pbmdfZWZmb3J0IjoibG93IiwidG9wX2siOjF9LCJydW5fdXVpZCI6ImY2YzkzZmFhLTQ2MmYtNDhmOS05OWQxLTI5YjFhY2Y1ZGI3MiJ90NqlEuAJQWY,True,True,"Correctness: True

Step-by-step reasoning:
- The ground truth states that the correct answer is ""Yes,"" meaning Bridgeport takes R8 collets.
- The student answers ""Yes"" and adds that the Series I milling machines use an R-8 spindle taper and accept R-8 collets.
- This additional detail is consistent with the ground truth and does not introduce any conflicting information.
- Therefore, the student's answer is factually accurate relative to the ground truth.","Relevance: True

Step-by-step reasoning:
- The question asks whether a Bridgeport milling machine uses R8 collets.
- The student begins with a direct “Yes,” which directly addresses the yes/no nature of the question.
- They add a precise detail: Bridgeport Series I mills use an R-8 spindle taper and accept R-8 collets. This supports the answer with relevant technical context.
- The response is concise and stays on topic, without unrelated information.
- While some Bridgeport variants may have different tapers, the student’s reference to the common Series I is appropriate and helps answer the general question effectively."
eyJtZXRhZGF0YSI6eyJhbnN3ZXJfaW5zdHJ1Y3Rpb25zX2lkIjoiQSIsImFwcHJvYWNoIjoibG9uZ19jb250ZXh0IiwiZWZmb3J0IjoibG93IiwiZmV3X3Nob3RfaWQiOiJBIiwibWF4X3Rva2VucyI6NTAwMCwibW9kZWwiOiJncHQtNS1taW5pLTIwMjUtMDgtMDciLCJyZWFzb25pbmdfZWZmb3J0IjoibG93IiwidG9wX2siOjF9LCJydW5fdXVpZCI6ImY5NTE3NTA1LWM3MDUtNGMxNC1hODAzLTllMWQ3NzNmNjJlMiJ9uScPyJUgmgw,False,False,"Correctness: False

Step-by-step reasoning:
- The ground truth focuses on precise machine setup to achieve a tight-tolerance bore: tramming/squaring the mill head to the table using the ram adapter and vertical adjusting worm shaft, keeping drag on the four locknuts during adjustment, indicating along the longitudinal axis, then tightening the four head locknuts diagonally, torquing the three ram locking bolts to 50 lb-ft, and lubricating the machine before operation.
- The student answer does not mention any of these required setup and adjustment steps. There is no reference to squaring the head, using an indicator as in Figure 1.9, the diagonal tightening sequence, the 50 lb-ft torque for ram locking bolts, or lubrication.
- The student provides general safety and operation guidance (workholding, speeds/feeds, PPE) and notes that press-fit tolerances are not in the manual. While these points are not in conflict with the ground truth, they do not address the core procedure specified by the ground truth for ensuring the bore accuracy and press-fit retention.
- Since the student omitted the essential steps that the ground truth identifies as necessary to ensure the bearing can go in and stay in place, the answer is not correct relative to the ground truth.","Relevance: False

Step-by-step reasoning:
- The question asks how to ensure a press-fit bearing “easily goes in and stays in place,” which implies guidance on target fit/interference, measurement/boring approach, surface finish, chamfers/lead-ins, and installation technique (e.g., thermal/press methods) so the bearing inserts smoothly yet retains securely.
- A helpful, concise answer would include: how to determine/verify the correct bore size and tolerance (e.g., manufacturer’s fit class), how to achieve and measure that bore accurately (boring head, bore gauge, reamer), recommendations on surface finish and roundness, adding a lead-in chamfer, and installation best practices (pressing on correct race, using heat/chill, or retaining compound if needed).
- The student’s response focuses largely on Bridgeport mill safety and general operation procedures from a manual, which are not asked for and do not address the fit, tolerance, measurement, finish, chamfer, or installation methods needed to achieve an effective press fit.
- The single relevant point—“consult the bearing manufacturer for press-fit tolerance”—is correct but too general and does not provide actionable steps to ensure the bearing both goes in easily and stays put.
- The answer is not concise with respect to the question and does not sufficiently help achieve the intended outcome.

Conclusion: The response is largely irrelevant to the specific task and does not provide the necessary guidance to ensure an appropriate press fit."
eyJtZXRhZGF0YSI6eyJhbnN3ZXJfaW5zdHJ1Y3Rpb25zX2lkIjoiQSIsImFwcHJvYWNoIjoibG9uZ19jb250ZXh0IiwiZWZmb3J0IjoibG93IiwiZmV3X3Nob3RfaWQiOiJBIiwibWF4X3Rva2VucyI6NTAwMCwibW9kZWwiOiJncHQtNS1taW5pLTIwMjUtMDgtMDciLCJyZWFzb25pbmdfZWZmb3J0IjoibG93IiwidG9wX2siOjF9LCJydW5fdXVpZCI6ImYxNzc3N2M3LTViMjktNDgyNy1hNjExLTU3NWIyMGJmZWQxZSJ9tSkkAYgw1sY,True,True,"Step-by-step reasoning:
- The ground truth states to use the spindle brake located on the left side of the belt housing.
- It specifies moving the brake (pulling toward or pushing away) until it binds.
- Then, raise the quill feed handle.

Comparison to student answer:
- The student identifies the spindle brake and its location (left side of the belt housing) correctly.
- They describe moving the lever toward or away until it binds, matching the action.
- They include the final step to raise the quill feed handle.
- No conflicting statements are present.

Correctness: True","Relevance: True

Reasoning:
- The question asks specifically how to lock the spindle on a Bridgeport mill.
- The student directly addresses this by telling the user to engage the spindle brake and identifies its location (left side of the belt housing), which is pertinent and helpful.
- The answer is concise overall and provides an actionable step that would lock/prevent spindle rotation for tool changes.
- However, the added instruction to “raise the quill feed handle” is not necessary for locking the spindle and could introduce minor confusion, since the quill feed affects quill movement, not spindle rotation. Despite this, the core instruction still answers the question."
eyJtZXRhZGF0YSI6eyJhbnN3ZXJfaW5zdHJ1Y3Rpb25zX2lkIjoiQSIsImFwcHJvYWNoIjoibG9uZ19jb250ZXh0IiwiZWZmb3J0IjoibG93IiwiZmV3X3Nob3RfaWQiOiJBIiwibWF4X3Rva2VucyI6NTAwMCwibW9kZWwiOiJncHQtNS1taW5pLTIwMjUtMDgtMDciLCJyZWFzb25pbmdfZWZmb3J0IjoibG93IiwidG9wX2siOjF9LCJydW5fdXVpZCI6ImYyNjc5MGI5LTU1MjktNDY0NS05YTViLTllMTc5ZGQ3OGZmZSJ95H2tOFZdBSY,True,True,"Correctness: True

Step-by-step reasoning:
- The ground truth states the hand cranks are inverted for shipping and need to be reversed; the student explicitly mentions this.
- It instructs to engage the lock mechanism to the saddle and table; the student includes this exact step.
- It specifies using a 1-inch wrench to remove the retaining lead screw nut; the student matches this detail precisely.
- It says to install the hand cranks properly; the student says to reinstall in the proper orientation and adds securing the retaining nut, which is consistent and not conflicting.

All key steps and details align with the ground truth, with no contradictions.","Relevance: True

Reasoning:
- The question asks what to do if the Bridgeport mill’s hand cranks seem backwards upon receipt, implying a setup/orientation issue.
- The student identifies a common cause (installed reversed for shipping) and proposes the logical remedy: reverse them before use.
- The steps provided are specific, actionable, and appropriate: locking the components to prevent movement, removing the retaining nut with a specified tool, and reinstalling the cranks in the correct orientation.
- The answer is concise and directly addresses the user’s problem without extraneous information.
- Therefore, it both stays relevant to the question and helps the user resolve the issue."
eyJtZXRhZGF0YSI6eyJhbnN3ZXJfaW5zdHJ1Y3Rpb25zX2lkIjoiQSIsImFwcHJvYWNoIjoibG9uZ19jb250ZXh0IiwiZWZmb3J0IjoibG93IiwiZmV3X3Nob3RfaWQiOiJBIiwibWF4X3Rva2VucyI6NTAwMCwibW9kZWwiOiJncHQtNS1taW5pLTIwMjUtMDgtMDciLCJyZWFzb25pbmdfZWZmb3J0IjoibG93IiwidG9wX2siOjF9LCJydW5fdXVpZCI6ImZhYzJmM2I3LTA4NzktNGZkMi1hZmU2LTA0NzVlYmZjZDM2MSJ9wIUoYFuC9B4,False,False,"Correctness: False

Step-by-step reasoning:
- The ground truth specifies four safety labels: DANGER, WARNING, CAUTION, and NOTICE, each with defined meanings and specific colors.
- The student lists only three types and omits DANGER and NOTICE, instead using NOTE, which is not in the ground truth.
- The student provides no colors and explicitly states that colors cannot be determined, which contradicts the ground truth that assigns specific colors to each label.
- The meanings given by the student diverge from the ground truth: CAUTION in the ground truth involves potential minor or moderate injury, not just equipment damage.
- Because the student’s answer omits required labels, substitutes a non-matching label, lacks the required colors, and misstates at least one label’s meaning, it is not factually accurate relative to the ground truth.","Relevance: False

Reasoning:
- The question asks for two things: (1) which safety labels are used in Bridgeport mill manuals, and (2) the corresponding colors for those labels.
- The student identifies the labels (WARNING, CAUTION, NOTE) and briefly explains their meanings. This addresses the first part and is concise and relevant.
- However, for the second part (colors), the student states that the colors cannot be determined from the provided excerpt, rather than supplying the colors. This does not satisfy the request for “the corresponding colors.”
- While the answer is generally concise and focused, it does not fully help answer the question because it omits the required color information."
eyJtZXRhZGF0YSI6eyJhbnN3ZXJfaW5zdHJ1Y3Rpb25zX2lkIjoiQSIsImFwcHJvYWNoIjoibG9uZ19jb250ZXh0IiwiZWZmb3J0IjoibG93IiwiZmV3X3Nob3RfaWQiOiJBIiwibWF4X3Rva2VucyI6NTAwMCwibW9kZWwiOiJncHQtNS1taW5pLTIwMjUtMDgtMDciLCJyZWFzb25pbmdfZWZmb3J0IjoibG93IiwidG9wX2siOjF9LCJydW5fdXVpZCI6ImZiOGQ0ZGM2LTE1ZjItNDQ1My05YTA3LTI0YmZkMzAzODA2MSJ949G-kASBpWU,True,True,"Correctness: True

Step-by-step reasoning:
- The ground truth specifies a frequency: lubrication should be done at least weekly, and the quill may require daily lubrication.
- The student recommends “light, frequent lubrication,” with “a few drops twice daily to the indicated points,” which is consistent with (and more frequent than) “at least weekly” and aligns with the idea of daily lubrication for critical parts like the quill.
- The student’s added details (specific oils for ways, spindle bearings, power feed, etc.) do not contradict the ground truth; they extend it. The ground truth does not prohibit or contradict these specifics.
- There are no conflicting statements in the student’s answer relative to the ground truth.

Therefore, the student’s answer is factually consistent with the ground truth.","Step-by-step reasoning:
- The question asks specifically for the lubrication schedule for a Bridgeport mill, implying frequency and points of application.
- The student provides an explicit frequency: “a few drops twice daily” for general points, and “re‑grease every six months” for grease items—both are clear schedule elements.
- The answer also references following the lubrication chart, which aligns with the idea of scheduled, parts-specific maintenance.
- Additional bullets list appropriate lubricants for different components and one “fill to sight level” instruction. While these focus more on lubricant type than frequency, they are still directly relevant to lubrication practices and do not detract from the schedule information provided.
- The response is concise, organized in bullet points, and clearly tied to the Bridgeport mill.

Relevance: True"
eyJtZXRhZGF0YSI6eyJhbnN3ZXJfaW5zdHJ1Y3Rpb25zX2lkIjoiQSIsImFwcHJvYWNoIjoibG9uZ19jb250ZXh0IiwiZWZmb3J0IjoibG93IiwiZmV3X3Nob3RfaWQiOiJBIiwibWF4X3Rva2VucyI6NTAwMCwibW9kZWwiOiJncHQtNS1uYW5vLTIwMjUtMDgtMDciLCJyZWFzb25pbmdfZWZmb3J0IjoibG93IiwidG9wX2siOjF9LCJydW5fdXVpZCI6IjA4YTUzZGQ0LTQ5ODAtNGRjOS1iZGVmLTg4NDMwODIzMjA1MCJ9ES1KsDBbZD8,True,True,"Correctness: True

Step-by-step reasoning:
- The question asks for the quantity of stud motor mounting rings for the E-HEAD part.
- The ground truth specifies the correct number is 2.
- The student’s answer states there should be 2 of the stud, motor mounting.
- This matches the ground truth exactly and contains no conflicting information.
- Therefore, the student’s answer is factually accurate.","Step-by-step reasoning:
- The question asks for the quantity of a specific part (“stud motor mtg rings”) needed for the E-HEAD assembly of a mill.
- The student’s answer provides a clear, specific quantity: “2,” and references the part as “Stud, Motor Mounting,” which aligns with the phrasing in the question.
- The response is concise, directly addresses the quantity, and does not include irrelevant information.
- Therefore, it meets both criteria: it is concise/relevant and it helps answer the question by giving the needed count.

Relevance: True"
eyJtZXRhZGF0YSI6eyJhbnN3ZXJfaW5zdHJ1Y3Rpb25zX2lkIjoiQSIsImFwcHJvYWNoIjoibG9uZ19jb250ZXh0IiwiZWZmb3J0IjoibG93IiwiZmV3X3Nob3RfaWQiOiJBIiwibWF4X3Rva2VucyI6NTAwMCwibW9kZWwiOiJncHQtNS1uYW5vLTIwMjUtMDgtMDciLCJyZWFzb25pbmdfZWZmb3J0IjoibG93IiwidG9wX2siOjF9LCJydW5fdXVpZCI6IjAxODUwOTllLTA0MzEtNDYzNC05MDcyLWIzNTA0ZWYzNTYxYyJ9gjZ3xdDtcBQ,True,True,"Correctness: True

Step-by-step reasoning:
- The ground truth states the cranks are inverted for shipping; the student explicitly notes the mill ships with the hand cranks inverted. This matches.
- The ground truth instructs to engage the lock mechanism to the saddle and table; the student includes this exact step.
- The ground truth specifies using a 1-inch wrench to remove the retaining lead screw nut; the student mirrors this detail accurately.
- The ground truth says to install the hand cranks properly; the student says to reinstall them facing the correct direction, which is consistent.
- There are no conflicting statements or extra inaccurate details.","Relevance: True

Step-by-step reasoning:
- The question asks what to do if the hand cranks on a newly received Bridgeport mill seem backwards.
- The student answer directly addresses this by explaining that the mill ships with the hand cranks inverted and provides a remedy.
- The steps given (lock the saddle and table, use a 1-inch wrench to remove the retaining lead screw nut, and reinstall the cranks in the correct orientation) are actionable and specifically target the reported issue.
- The answer is concise, focused on the fix, and avoids irrelevant details.
- Therefore, it is both relevant and helpful in answering the question."
eyJtZXRhZGF0YSI6eyJhbnN3ZXJfaW5zdHJ1Y3Rpb25zX2lkIjoiQSIsImFwcHJvYWNoIjoibG9uZ19jb250ZXh0IiwiZWZmb3J0IjoibG93IiwiZmV3X3Nob3RfaWQiOiJBIiwibWF4X3Rva2VucyI6NTAwMCwibW9kZWwiOiJncHQtNS1uYW5vLTIwMjUtMDgtMDciLCJyZWFzb25pbmdfZWZmb3J0IjoibG93IiwidG9wX2siOjF9LCJydW5fdXVpZCI6IjAyMjQ4NjBhLTZlMzMtNGM4My04ZGM1LWFiMzU2ODk2YWE2YyJ9XYdjqtOkm88,False,True,"Correctness: False

Step-by-step reasoning:
- The ground truth states that hearing protection may be required for some operations on a Bridgeport mill.
- The student answer asserts that the manual requires safety glasses and shoes and does not mention hearing protection, implying it is not required.
- This implication conflicts with the ground truth, which allows for cases where hearing protection is required.
- Therefore, the student answer is not factually accurate relative to the ground truth.","Relevance: True

Step-by-step reasoning:
- The question asks whether hearing protection is needed around the Bridgeport mill, implying a yes/no about requirements.
- The student cites the manual’s PPE requirements (safety glasses and shoes) and explicitly notes that hearing protection is not mentioned.
- This information is directly relevant because it addresses whether hearing protection is required by the referenced source.
- While the answer is somewhat indirect (it doesn’t explicitly say “No, not required by the manual”), it still helps answer the question by indicating the manual does not require hearing protection.
- The response is concise and focused on the specific PPE requirement at issue."
eyJtZXRhZGF0YSI6eyJhbnN3ZXJfaW5zdHJ1Y3Rpb25zX2lkIjoiQSIsImFwcHJvYWNoIjoibG9uZ19jb250ZXh0IiwiZWZmb3J0IjoibG93IiwiZmV3X3Nob3RfaWQiOiJBIiwibWF4X3Rva2VucyI6NTAwMCwibW9kZWwiOiJncHQtNS1uYW5vLTIwMjUtMDgtMDciLCJyZWFzb25pbmdfZWZmb3J0IjoibG93IiwidG9wX2siOjF9LCJydW5fdXVpZCI6IjAyNjM3NTQ1LWMzZGUtNGRjMS1hNTdmLWM4MjQwMTQ1MGJlZCJ9ktI1v7a4vZg,True,False,"Correctness: True

Step-by-step reasoning:
- The ground truth instructs pulling the Hi-Neutral-Lo lever in toward the machine to change direction and notes you’ll hear it click into place.
- The student advises ensuring power is off and the spindle is not rotating, then moving the Hi-Neutral-Lo lever to the desired position, and warns not to shift while running.
- These statements are factually consistent with the ground truth’s action of changing the lever position. There is no conflicting information.
- While the student does not mention pulling the lever inward or listening for the click, omission is not a factual error under the grading criteria. The actions they describe are accurate and compatible with the ground truth.","Relevance: False

Step-by-step reasoning:
- The question asks specifically for the next step after the machine has been unplugged to change the Hi-Neutral-Lo lever. This implies the lever change is already done or in progress, and the user wants to know what to do next.
- The student answer reiterates precautions (power off, spindle not rotating) and describes moving the Hi-Neutral-Lo lever—steps the user has effectively already taken or stated.
- It does not provide a forward action such as verifying gear engagement, rotating the spindle by hand to mesh gears, plugging the machine back in, or starting at low speed to confirm operation.
- Therefore, while concise and safe, the answer does not directly move the user to the next step, so it does not meet the requirement to help answer the question."
eyJtZXRhZGF0YSI6eyJhbnN3ZXJfaW5zdHJ1Y3Rpb25zX2lkIjoiQSIsImFwcHJvYWNoIjoibG9uZ19jb250ZXh0IiwiZWZmb3J0IjoibG93IiwiZmV3X3Nob3RfaWQiOiJBIiwibWF4X3Rva2VucyI6NTAwMCwibW9kZWwiOiJncHQtNS1uYW5vLTIwMjUtMDgtMDciLCJyZWFzb25pbmdfZWZmb3J0IjoibG93IiwidG9wX2siOjF9LCJydW5fdXVpZCI6IjBhOWRhYjc5LTE4ZGQtNDE4Yy1hZGM3LTdjNWUyZTNhZmNlYiJ9Z8GRpwPUU0E,False,True,"Correctness: False

Step-by-step reasoning:
- The ground truth explicitly says not to use the spindle brake for stopping mid cut; instead, you should move off the workpiece rather than stopping the spindle.
- The student instructs to use the spindle brake to stop the spindle, providing steps to engage it. This directly contradicts the ground truth guidance.
- Although the student includes caution about releasing the brake before starting the motor, the core recommendation (use the spindle brake mid cut) conflicts with the correct approach.

Therefore, the student answer is factually incorrect relative to the ground truth.","Relevance: True

Reasoning:
- The question asks specifically which brake to use to stop the spindle mid cut on a mill.
- The student directly identifies the “spindle brake,” which answers the core question about the type of brake.
- They add brief, relevant guidance on how to engage it and a critical caution to release it before restarting the motor, which helps practical application and prevents damage.
- The answer remains concise and focused on the mill context (Bridgeport-style), without extraneous information.
- While it could mention alternatives or caveats, the provided information is sufficient and pertinent to the question asked."
eyJtZXRhZGF0YSI6eyJhbnN3ZXJfaW5zdHJ1Y3Rpb25zX2lkIjoiQSIsImFwcHJvYWNoIjoibG9uZ19jb250ZXh0IiwiZWZmb3J0IjoibG93IiwiZmV3X3Nob3RfaWQiOiJBIiwibWF4X3Rva2VucyI6NTAwMCwibW9kZWwiOiJncHQtNS1uYW5vLTIwMjUtMDgtMDciLCJyZWFzb25pbmdfZWZmb3J0IjoibG93IiwidG9wX2siOjF9LCJydW5fdXVpZCI6IjBjYmUwMWY2LTQyMDAtNDI3MS04ZWI3LWNmMGVmODg0ZTY0NyJ9AiasId7PwDM,True,True,"Step-by-step reasoning:
- The ground truth states the spindle brake is a large lever on the top-left side of the head assembly.
- The belt housing is part of the head assembly located at the top of a Bridgeport mill.
- Saying it is on the left side of the belt housing aligns with “top-left side of the head assembly.”
- The student’s answer does not contradict the ground truth and is location-accurate, though less detailed.

Correctness: True","Relevance: True

Step-by-step reasoning:
- The question asks for the physical location of the spindle brake on a Bridgeport mill.
- The student specifies “on the left side of the belt housing,” which identifies a concrete, recognizable part of the Bridgeport head assembly.
- This directly answers the “where” by giving a precise side and component, aligning with common Bridgeport layouts where the brake lever is on the left side near the pulley/belt housing.
- The answer is concise, contains no extraneous details, and clearly helps someone find the spindle brake."
eyJtZXRhZGF0YSI6eyJhbnN3ZXJfaW5zdHJ1Y3Rpb25zX2lkIjoiQSIsImFwcHJvYWNoIjoibG9uZ19jb250ZXh0IiwiZWZmb3J0IjoibG93IiwiZmV3X3Nob3RfaWQiOiJBIiwibWF4X3Rva2VucyI6NTAwMCwibW9kZWwiOiJncHQtNS1uYW5vLTIwMjUtMDgtMDciLCJyZWFzb25pbmdfZWZmb3J0IjoibG93IiwidG9wX2siOjF9LCJydW5fdXVpZCI6IjFjNWE1ZmVkLWVhNjgtNGM0MC05OTcwLThmNzY4NWU1M2I2YSJ9VfzxzB_4OTw,True,False,"The ground truth states that the assistant cannot look up electricians due to lack of web/location access and emphasizes that a qualified electrician must handle the hookup, followed by installation steps. It does not claim that the manual provides electrician lookup information.

The student answer says the manual does not include electrician lookup or contact recommendations and mentions that it covers safety and installation procedures. This does not conflict with the ground truth and is consistent with it. While the student omits the note about lacking web/location access and the specific hookup steps, omission is acceptable per the grading criteria as long as no inaccurate or conflicting statements are made.

Correctness: True","Relevance: False

Step-by-step reasoning:
- The question asks for looking up electricians in the area for a Bridgeport mill, which implies providing contacts or a way to find qualified local electricians.
- The student answer states that the Bridgeport mill manual does not include electrician lookup information. While this acknowledges a limitation of a specific source, it does not perform the requested lookup or provide alternative means to find electricians.
- The response is concise, but it does not help answer the question (no contacts, suggestions, or next steps).
- Therefore, it fails criterion (2): helping to answer the question."
eyJtZXRhZGF0YSI6eyJhbnN3ZXJfaW5zdHJ1Y3Rpb25zX2lkIjoiQSIsImFwcHJvYWNoIjoibG9uZ19jb250ZXh0IiwiZWZmb3J0IjoibG93IiwiZmV3X3Nob3RfaWQiOiJBIiwibWF4X3Rva2VucyI6NTAwMCwibW9kZWwiOiJncHQtNS1uYW5vLTIwMjUtMDgtMDciLCJyZWFzb25pbmdfZWZmb3J0IjoibG93IiwidG9wX2siOjF9LCJydW5fdXVpZCI6IjFlNzlhYTdkLTEwODQtNDIxNi04YzNhLTc1MWZkOTdjNzgxNSJ9uPJPDlIRJ_k,False,False,"Step-by-step reasoning:
- The ground truth specifies the exact mapping: turning the wheel left (clockwise) decreases speed, and turning it right (counterclockwise) increases speed.
- The student answer does not provide this mapping. Instead, it claims the manual does not specify which direction changes speed.
- This directly conflicts with the ground truth, which provides a clear directional relationship.

Correctness: False","Relevance: False

Step-by-step reasoning:
- The question specifically asks for the direction to turn the speed-change wheel on a Bridgeport mill.
- The student response states that the manual does not specify direction, but it does not provide the requested direction or any practical guidance to determine it.
- While the response is concise and on-topic, it fails to help answer the question (criterion 2), since it neither states the direction nor offers a method to figure it out (e.g., observing tachometer changes or typical conventions for the model/head type).
- Therefore, the answer is not fully relevant to the user's need."
eyJtZXRhZGF0YSI6eyJhbnN3ZXJfaW5zdHJ1Y3Rpb25zX2lkIjoiQSIsImFwcHJvYWNoIjoibG9uZ19jb250ZXh0IiwiZWZmb3J0IjoibG93IiwiZmV3X3Nob3RfaWQiOiJBIiwibWF4X3Rva2VucyI6NTAwMCwibW9kZWwiOiJncHQtNS1uYW5vLTIwMjUtMDgtMDciLCJyZWFzb25pbmdfZWZmb3J0IjoibG93IiwidG9wX2siOjF9LCJydW5fdXVpZCI6IjI0ODE1Y2RhLWI3NmQtNDc1NS1hYzFkLTg1OWExYTAxODc3MiJ9om0ZIB8ST7s,False,False,"Correctness: False

Reasoning:
- The ground truth describes a specific, mechanical procedure: power off, loosen two motor locknuts, move the motor to slacken the belt, shift the V-belt to the desired pulley set, move the motor back to tension the belt, and retighten the locknuts.
- The student answer does not provide any of these steps. Instead, it claims the manual does not specify the procedure and references general content about head controls and safeguards.
- Because the student fails to state the correct procedure and gives information that does not align with the required steps, their answer is not factually accurate relative to the ground truth.","Relevance: False

Step-by-step reasoning:
- The question asks for how to change the e-head speed on a Bridgeport mill, implying the user wants a procedure or control method.
- The student answer states the manual doesn’t specify this and only mentions general head controls and safeguards. It does not provide any steps, controls to use, or alternative guidance.
- While concise, the response does not help the user achieve the task (no instructions, tips, or clarifying questions about the specific e-head model).
- Therefore, it fails criterion (2): it does not help answer the question, even though it is brief."
eyJtZXRhZGF0YSI6eyJhbnN3ZXJfaW5zdHJ1Y3Rpb25zX2lkIjoiQSIsImFwcHJvYWNoIjoibG9uZ19jb250ZXh0IiwiZWZmb3J0IjoibG93IiwiZmV3X3Nob3RfaWQiOiJBIiwibWF4X3Rva2VucyI6NTAwMCwibW9kZWwiOiJncHQtNS1uYW5vLTIwMjUtMDgtMDciLCJyZWFzb25pbmdfZWZmb3J0IjoibG93IiwidG9wX2siOjF9LCJydW5fdXVpZCI6IjI4ZTY3MGFiLWViNjctNGE2Yi1iZDkxLTIxYzg1NWQ3YTJhNyJ9TJV87MKak8o,True,True,"Correctness: True

Step-by-step reasoning:
- The ground truth states that Neutral allows free spindle rotation for indicating and setup work, and notes that the motor/electrical should be off.
- The student states that the Neutral position puts the spindle in a free-spinning state to allow indicating and setup work. This directly matches the key function described in the ground truth.
- The student adds that it is the neutral between High (direct drive) and Low (back gear), which is accurate for a Bridgeport mill and does not conflict with the ground truth.
- While the student does not mention turning the motor/electrical off, omission of that precaution does not contradict the ground truth and is not required for correctness per the grading criteria.
- No conflicting statements are present.","Relevance: True

Step-by-step reasoning:
- The question asks for the function of the neutral lever on a Bridgeport mill.
- The student explains that the Neutral position disengages the drive so the spindle can spin freely, which is used for indicating and setup. This directly addresses what the lever does.
- The student also notes it is between High (direct drive) and Low (back gear), providing accurate context without unnecessary detail.
- The answer is concise, on-topic, and helps clarify the lever’s purpose."
eyJtZXRhZGF0YSI6eyJhbnN3ZXJfaW5zdHJ1Y3Rpb25zX2lkIjoiQSIsImFwcHJvYWNoIjoibG9uZ19jb250ZXh0IiwiZWZmb3J0IjoibG93IiwiZmV3X3Nob3RfaWQiOiJBIiwibWF4X3Rva2VucyI6NTAwMCwibW9kZWwiOiJncHQtNS1uYW5vLTIwMjUtMDgtMDciLCJyZWFzb25pbmdfZWZmb3J0IjoibG93IiwidG9wX2siOjF9LCJydW5fdXVpZCI6IjIwZjIzYjkyLWFhOTctNGViZi04MmM0LTI1N2M4MGVkMzg5ZSJ9p9_j4GzotbE,False,False,"Correctness: False

Reasoning:
- The ground truth lists specific pre-operational steps: slip/trip hazard check; familiarity with ON/OFF and E-Stop; no items on top of the machine; guards in position; cutter condition and secure mounting; coolant delivery check; do not use/report faulty equipment; lubricate quill every other day.
- The student includes only two overlapping items: ensuring guards/safety devices are in place and reporting damaged parts.
- The student omits several required steps: checking for slip/trip hazards, locating/familiarizing with ON/OFF and E-Stop, ensuring no equipment is on top of the machine, verifying cutter condition/secure mounting, checking coolant flow, and lubricating the quill.
- The student adds general safety items (PPE, clothing, stopping spindle), which are not in the specified pre-op checklist—extra info is acceptable but does not replace missing required steps.
- The statement “Not explicitly listed as a step-by-step pre-operational safety check” conflicts with the provided ground truth that does explicitly list such steps.","Relevance: False

Step-by-step reasoning:
- The question asks specifically for the steps of a pre-operational safety check on a Bridgeport mill, implying a clear, ordered checklist.
- The student begins by stating that such steps are not explicitly listed, which avoids providing the requested step-by-step sequence.
- While the bullets given (PPE, no loose clothing/gloves, ensure guards, stop spindle before changes, don’t operate with unusual noise/heat/smoke, report damage) are generally relevant safety points, they are not structured as a pre-op checklist and omit key pre-op items (e.g., verifying machine condition, power and spindle controls, emergency stop, workholding/tooling inspection, lubrication/coolant levels, area clearance, initial test run).
- The response is concise and on the general topic of safety, but it does not directly provide the requested steps and thus does not sufficiently help answer the question as asked."
eyJtZXRhZGF0YSI6eyJhbnN3ZXJfaW5zdHJ1Y3Rpb25zX2lkIjoiQSIsImFwcHJvYWNoIjoibG9uZ19jb250ZXh0IiwiZWZmb3J0IjoibG93IiwiZmV3X3Nob3RfaWQiOiJBIiwibWF4X3Rva2VucyI6NTAwMCwibW9kZWwiOiJncHQtNS1uYW5vLTIwMjUtMDgtMDciLCJyZWFzb25pbmdfZWZmb3J0IjoibG93IiwidG9wX2siOjF9LCJydW5fdXVpZCI6IjNiYjRkNjk4LTA0ZjQtNDVlMi1hMzQ5LTEyOGUxMGIyNDdmNSJ9vAo3tEcj7cA,False,False,"Correctness: False

Reasoning:
- The ground truth specifies a concrete procedure: first remove a set screw, then unscrew the nose piece.
- The student answer does not provide any steps or method for removing the nose piece.
- Instead, it states that the documents do not include instructions, which does not address the question and contradicts the needed procedural steps.
- Therefore, the student answer is factually incomplete relative to the ground truth and does not meet the criteria.","Step-by-step reasoning:
1. The question asks for a procedure: how to remove the nose piece of a Bridgeport mill.
2. To meet the criteria, the student answer should provide actionable steps or guidance relevant to that task.
3. The student’s response states only that the provided documents do not include instructions, without offering any procedure, alternate guidance, or clarification.
4. While the response is concise, it does not help answer the question or move the user closer to a solution.

Relevance: False"
eyJtZXRhZGF0YSI6eyJhbnN3ZXJfaW5zdHJ1Y3Rpb25zX2lkIjoiQSIsImFwcHJvYWNoIjoibG9uZ19jb250ZXh0IiwiZWZmb3J0IjoibG93IiwiZmV3X3Nob3RfaWQiOiJBIiwibWF4X3Rva2VucyI6NTAwMCwibW9kZWwiOiJncHQtNS1uYW5vLTIwMjUtMDgtMDciLCJyZWFzb25pbmdfZWZmb3J0IjoibG93IiwidG9wX2siOjF9LCJydW5fdXVpZCI6IjQ0NmRiOTg0LWYyODEtNDFlMy04YjFjLWY5Mzk2NDQwN2YxOSJ9Tf-gi2Z9YIE,False,False,"Step-by-step reasoning:
- The ground truth lists four safety labels: DANGER, WARNING, CAUTION, and NOTICE, each with specific colors.
- The student lists only WARNING, CAUTION, and NOTE. This omits DANGER and substitutes NOTE for NOTICE, which is not the same term used in the ground truth.
- The student provides no colors and claims the excerpts do not specify colors. This conflicts with the ground truth, which explicitly specifies colors for each label.

Because the student’s answer omits a required label, uses an incorrect label name, and incorrectly states that colors are not specified, it is not factually accurate relative to the ground truth.

Correctness: False","Step-by-step reasoning:
- The question has two parts: (1) identify the safety labels used in Bridgeport mill manuals, and (2) provide the corresponding colors.
- The student lists some labels (WARNING, CAUTION, NOTE), which partially addresses part (1).
- The list may be incomplete (commonly DANGER is also a safety label in such manuals), so part (1) is not clearly complete.
- For part (2), the student states the colors are not specified rather than providing them, which does not help answer the question.
- The response is concise and on-topic, but it does not fully answer the question, especially the color mapping.

Relevance: False"
eyJtZXRhZGF0YSI6eyJhbnN3ZXJfaW5zdHJ1Y3Rpb25zX2lkIjoiQSIsImFwcHJvYWNoIjoibG9uZ19jb250ZXh0IiwiZWZmb3J0IjoibG93IiwiZmV3X3Nob3RfaWQiOiJBIiwibWF4X3Rva2VucyI6NTAwMCwibW9kZWwiOiJncHQtNS1uYW5vLTIwMjUtMDgtMDciLCJyZWFzb25pbmdfZWZmb3J0IjoibG93IiwidG9wX2siOjF9LCJydW5fdXVpZCI6IjQ4OTlhYTA4LWZmMjktNDkyMS05MWZkLTk2NTUzNDE2MDM0YSJ9XKX-aJgA5Oo,False,False,"Correctness: False

Step-by-step reasoning:
- The ground truth states a specific criterion: replace the brake shoe “when it does not tighten well,” and adds that the manual provides no further instruction.
- The student answer claims that the documents do not specify criteria for replacement, which directly contradicts the ground truth’s stated criterion.
- While mentioning a replacement procedure is extra information, it does not address the question of how to know when replacement is needed and conflicts with the ground truth by asserting no criteria are given.
- Therefore, the student answer is not factually accurate relative to the ground truth.","Relevance: False

Reasoning:
1. Determine what the question asks: The user wants to know the indicators or criteria that show the brake shoe on a Bridgeport mill needs replacement (e.g., symptoms, measurements, inspection points).
2. Examine the student’s response: It states that the documents don’t specify criteria and then points to a replacement procedure chapter for how to replace the shoes.
3. Check alignment with the question:
   - The response does not provide any indicators, inspection steps, or thresholds to decide when replacement is needed.
   - Referring to a replacement procedure addresses “how to replace,” not “how to know when to replace.”
4. Assess helpfulness and conciseness:
   - While concise, it does not help the user answer the “when/diagnosis” aspect.
   - It omits practical criteria such as signs of excessive wear, thickness below spec, inability to hold spindle, excessive lever travel, noise, glazing, cracking, or contamination—details that would directly answer the question.
5. Conclusion: Because it does not provide relevant criteria or guidance to determine need for replacement, it fails to meet the relevance and helpfulness requirements."
eyJtZXRhZGF0YSI6eyJhbnN3ZXJfaW5zdHJ1Y3Rpb25zX2lkIjoiQSIsImFwcHJvYWNoIjoibG9uZ19jb250ZXh0IiwiZWZmb3J0IjoibG93IiwiZmV3X3Nob3RfaWQiOiJBIiwibWF4X3Rva2VucyI6NTAwMCwibW9kZWwiOiJncHQtNS1uYW5vLTIwMjUtMDgtMDciLCJyZWFzb25pbmdfZWZmb3J0IjoibG93IiwidG9wX2siOjF9LCJydW5fdXVpZCI6IjQwMDRlNzBiLTkyNTgtNDkwZC1iYTVjLWQxY2Q2ODExMWM0ZCJ9UoLjv5xcjD0,True,True,"Step-by-step reasoning:
- The ground truth specifies changing the gear case oil after the first two months of normal service, then twice a year thereafter.
- The student answer states the same schedule: after the first two months, then twice yearly (roughly every six months).
- The additional note about using Mobil 600W or equivalent is extra information. It does not contradict the specified change interval and is not in conflict with the ground truth.
- There are no conflicting statements in the student answer.

Correctness: True","Relevance: True

Step-by-step reasoning:
- The question asks specifically about the frequency of changing the gear case oil on a Bridgeport mill.
- The student's answer provides a clear maintenance interval: after the first two months of normal service, then twice yearly (about every six months).
- This directly addresses “how often,” fulfilling the core requirement.
- The additional note about using Mobil 600W or equivalent is relevant and helpful but not extraneous.
- The response is concise and focused on the question."
eyJtZXRhZGF0YSI6eyJhbnN3ZXJfaW5zdHJ1Y3Rpb25zX2lkIjoiQSIsImFwcHJvYWNoIjoibG9uZ19jb250ZXh0IiwiZWZmb3J0IjoibG93IiwiZmV3X3Nob3RfaWQiOiJBIiwibWF4X3Rva2VucyI6NTAwMCwibW9kZWwiOiJncHQtNS1uYW5vLTIwMjUtMDgtMDciLCJyZWFzb25pbmdfZWZmb3J0IjoibG93IiwidG9wX2siOjF9LCJydW5fdXVpZCI6IjQwZDkxYjc5LWI4ZjYtNDMzOC05NWVkLWM4M2FmY2VhZWJiMCJ9YGcoIBT2PAM,True,True,"Correctness: True

Step-by-step reasoning:
- The ground truth requires two key points: (1) start the spindle before changing speed with the handwheel, and (2) do not change speed when the spindle is stationary.
- The student explicitly states to start the spindle and then turn the Speed Change handwheel to select the desired speed within the current range, which matches point (1).
- The student also explicitly warns not to change speed while the spindle is stationary, matching point (2).
- The additional details about switching between high/low (back gear) ranges do not contradict the ground truth and are extra context. There are no conflicting statements within the student’s answer relative to the required points.","Step-by-step reasoning:
1) Identify the question’s intent: The user wants procedural steps to change spindle speed on a Bridgeport mill.
2) Check if the student answer addresses how to adjust speed within a range: It states to start the spindle and turn the Speed Change handwheel to set speed, which is correct for variable-speed heads and emphasizes doing so while running.
3) Check if it covers changing ranges (High/Low/Back Gear): It explains stopping the machine, using the High–Low/Back Gear lever, and returning to Direct Drive, which are key steps for range changes.
4) Verify safety/operational cautions: It explicitly says not to change speed while stationary, which is correct for variable-speed adjustments.
5) Assess clarity and conciseness: The answer is concise, focused on the procedure, and provides actionable steps without unnecessary detail.
6) Consider potential gaps: While it assumes a variable-speed head (not step-pulley), the instructions are still directly useful for many Bridgeport mills and align with common practice.

Conclusion: The response is concise, relevant, and helps answer the question with correct procedural guidance.

Relevance: True"
eyJtZXRhZGF0YSI6eyJhbnN3ZXJfaW5zdHJ1Y3Rpb25zX2lkIjoiQSIsImFwcHJvYWNoIjoibG9uZ19jb250ZXh0IiwiZWZmb3J0IjoibG93IiwiZmV3X3Nob3RfaWQiOiJBIiwibWF4X3Rva2VucyI6NTAwMCwibW9kZWwiOiJncHQtNS1uYW5vLTIwMjUtMDgtMDciLCJyZWFzb25pbmdfZWZmb3J0IjoibG93IiwidG9wX2siOjF9LCJydW5fdXVpZCI6IjRiYmNkYzA1LTg0NjgtNDgyOS1hMDVlLTcwMzg0YTBjMzRlNCJ9RvBNfn8gd88,True,True,"Step-by-step reasoning:
- The ground truth states you must release the spindle brake before starting the motor, emphasizing that starting with the brake locked can damage the motor.
- The student answer explicitly says to release the spindle brake before starting the motor and explains that starting with the brake locked can damage the motor.
- The student adds a brief note on how to release the brake and reiterates not to start with the brake locked, which does not conflict with the ground truth.
- There are no conflicting statements, and all key points from the ground truth are covered accurately.

Correctness: True","Step-by-step reasoning:
- The question is a yes/no procedural question about whether to release the spindle brake before starting the spindle on a Bridgeport mill.
- The student directly answers ""Yes"" and explains why (to avoid motor damage), which addresses the core of the question.
- They add a brief, relevant operational note on how to release the brake and a clear caution not to start with the brake locked, which helps the user apply the answer.
- The response is concise, focused on the specific action, and does not include unrelated information.

Relevance: True"
eyJtZXRhZGF0YSI6eyJhbnN3ZXJfaW5zdHJ1Y3Rpb25zX2lkIjoiQSIsImFwcHJvYWNoIjoibG9uZ19jb250ZXh0IiwiZWZmb3J0IjoibG93IiwiZmV3X3Nob3RfaWQiOiJBIiwibWF4X3Rva2VucyI6NTAwMCwibW9kZWwiOiJncHQtNS1uYW5vLTIwMjUtMDgtMDciLCJyZWFzb25pbmdfZWZmb3J0IjoibG93IiwidG9wX2siOjF9LCJydW5fdXVpZCI6IjRkYjIyN2E1LTI0NDAtNDIzZS1hMTAxLTNkOGM3NTQ0YmQ0MSJ9lX1KTk9qnxI,False,True,"Correctness: False

Reasoning:
- The student correctly states the general mounting steps: placing the mounting ring under the guard top, inserting two socket-head screws through the ring into the threaded holes in the nose cap, hand-starting, aligning the guard square, and tightening with an Allen wrench. This matches steps 1–4 of the ground truth.
- They also correctly identify the mounting location as the tapped holes in the spindle nose cap.

Conflicts with the ground truth:
- The student claims that for machines older than 1/1/1983 you should tap the existing spanner holes with a .250-20 tap. The ground truth clearly states there are two tapped holes used for mounting and the two untapped holes are for removing the nose cap with a spanner wrench (not for mounting). Instructing to tap the spanner holes conflicts with this.
- The student further states that some later spindles use four drilled/tapped holes for mounting. The ground truth specifies two tapped holes for mounting and does not indicate variants with four mounting holes, so this assertion conflicts with the provided information.

Because of these conflicting statements, the answer is not fully accurate relative to the ground truth.","Relevance: True

Step-by-step reasoning:
- The question has two parts: (a) the steps to mount the spindle guard, and (b) where to attach it.
- The student explicitly states the attachment point as the spindle nose cap using the nose-cap mounting holes, directly addressing “Where do I attach the spindle guard?”
- The student provides a clear, ordered procedure: place the mounting ring, insert and start screws, align the guard, and tighten with a specified tool. This answers “What are the steps I should follow?”
- The answer accounts for machine variations (pre/post specific dates and spindle types) and how to handle them (tapping holes if needed), which makes the guidance practically useful and applicable to different mill configurations.
- The content stays on-topic and is concise enough, with only brief notes that still relate to the mounting context.
- Therefore, the response is relevant and helps the user perform the requested task."
eyJtZXRhZGF0YSI6eyJhbnN3ZXJfaW5zdHJ1Y3Rpb25zX2lkIjoiQSIsImFwcHJvYWNoIjoibG9uZ19jb250ZXh0IiwiZWZmb3J0IjoibG93IiwiZmV3X3Nob3RfaWQiOiJBIiwibWF4X3Rva2VucyI6NTAwMCwibW9kZWwiOiJncHQtNS1uYW5vLTIwMjUtMDgtMDciLCJyZWFzb25pbmdfZWZmb3J0IjoibG93IiwidG9wX2siOjF9LCJydW5fdXVpZCI6IjRmZTMwY2E4LTI5OGQtNDlmYS1hYzUxLTc0ZGFiZWEzMDY0ZCJ9eCJgPjWHlbc,True,False,"Correctness: True

Step-by-step reasoning:
- The question asks for the function of the quill feed handle.
- The ground truth states it is used to raise or lower the quill manually.
- The student explicitly states it is used to raise and lower the quill manually, which matches the ground truth.
- The additional comments about power feed engagement and removal do not contradict the core function described and do not introduce internal conflicts.
- Therefore, the student’s answer is factually accurate relative to the ground truth.","Relevance: False

Step-by-step reasoning:
- The question asks specifically for the use (function) of the quill feed handle on a mill.
- The student’s first sentence correctly addresses this by stating it is used to raise and lower the quill manually, which directly helps answer the question.
- However, the added remarks about keeping it engaged when using power feed and how to remove it are not requested and introduce potentially incorrect or misleading procedural advice.
- These extra details make the response less concise and not fully relevant to the question’s scope.
- Because the answer does not fully meet criterion (1) for conciseness and relevance, it fails overall, despite partially helping to answer the question."
eyJtZXRhZGF0YSI6eyJhbnN3ZXJfaW5zdHJ1Y3Rpb25zX2lkIjoiQSIsImFwcHJvYWNoIjoibG9uZ19jb250ZXh0IiwiZWZmb3J0IjoibG93IiwiZmV3X3Nob3RfaWQiOiJBIiwibWF4X3Rva2VucyI6NTAwMCwibW9kZWwiOiJncHQtNS1uYW5vLTIwMjUtMDgtMDciLCJyZWFzb25pbmdfZWZmb3J0IjoibG93IiwidG9wX2siOjF9LCJydW5fdXVpZCI6IjU2MGMwNWVmLWI5NTktNDY4ZS04YmI1LTJmMDJjMDM1YjllNCJ9FWRabTICEzM,False,False,"Correctness: False

Step-by-step reasoning:
- The ground truth explicitly says not to use a forklift to move or raise the machine, and to use slings under the ram as shown in the manual.
- The student mentions “Before moving the mill by a forklift,” which implies forklift use for moving, contradicting the ground truth’s prohibition on using a forklift to move or raise the machine.
- The student does correctly state to use a sling under the ram and not to rely on a forklift for lifting, which aligns with part of the ground truth.
- However, because the student permits forklift movement (even if not lifting), this conflicts with the ground truth and makes the answer factually inaccurate relative to it.","Step-by-step reasoning:
- The question specifically asks how to use a forklift to move a mill.
- The student’s answer focuses on following the manual’s lifting guidance and recommends using a sling under the ram, explicitly advising not to rely on a forklift for lifting the machine.
- While the content is about moving a mill and includes safety notes, it does not provide any forklift-specific instructions (e.g., fork placement, load balance, capacity checks, securing the head/table, using a spotter, travel height, etc.).
- Because it advises against the requested method and offers no actionable steps for forklift use, it does not help answer the question as asked.
- The answer is relatively concise, but it fails the relevance criterion of helping to answer the specific question.

Relevance: False"
eyJtZXRhZGF0YSI6eyJhbnN3ZXJfaW5zdHJ1Y3Rpb25zX2lkIjoiQSIsImFwcHJvYWNoIjoibG9uZ19jb250ZXh0IiwiZWZmb3J0IjoibG93IiwiZmV3X3Nob3RfaWQiOiJBIiwibWF4X3Rva2VucyI6NTAwMCwibW9kZWwiOiJncHQtNS1uYW5vLTIwMjUtMDgtMDciLCJyZWFzb25pbmdfZWZmb3J0IjoibG93IiwidG9wX2siOjF9LCJydW5fdXVpZCI6IjU3OGIxYzExLTIwN2EtNDczYi1hMjczLTZhYTcxZDhlOGY3MiJ9fo7MMVGcC7w,False,False,"Correctness: False

Step-by-step reasoning:
- The ground truth specifies a frequency-based schedule: lubricate at least weekly, if not daily, specifically for the quill.
- The student answer lists types of lubricants for various components and mentions a six-month interval for grease, but does not state the required frequency for the quill.
- The student defers to the lubrication plate for the exact schedule rather than providing the weekly/daily schedule for the quill.
- Because the student answer omits the key schedule detail (at least weekly, if not daily for the quill), it does not align with the ground truth.","Relevance: False

Step-by-step reasoning:
- The question asks for the lubrication schedule, which typically means when and how often to lubricate specific points (e.g., daily, weekly, monthly), along with what to use.
- The student’s answer lists lubricant types for various components but provides almost no timing/frequency details. The only explicit interval mentioned is “grease every six months.”
- Instructions like “oil to sight level” and references to the lubrication plate do not specify a schedule and defer the key information the question requests.
- While the content is on-topic and fairly concise, it does not actually provide the schedule (intervals) for the mill’s lubrication points, so it does not sufficiently help answer the question."
eyJtZXRhZGF0YSI6eyJhbnN3ZXJfaW5zdHJ1Y3Rpb25zX2lkIjoiQSIsImFwcHJvYWNoIjoibG9uZ19jb250ZXh0IiwiZWZmb3J0IjoibG93IiwiZmV3X3Nob3RfaWQiOiJBIiwibWF4X3Rva2VucyI6NTAwMCwibW9kZWwiOiJncHQtNS1uYW5vLTIwMjUtMDgtMDciLCJyZWFzb25pbmdfZWZmb3J0IjoibG93IiwidG9wX2siOjF9LCJydW5fdXVpZCI6IjU4MGU2ZWIxLTJkY2YtNDFjNi1iZTY3LWM1OTUxYjhiODUxYiJ9kqbfxD_Nb70,True,True,"Correctness: True

Step-by-step reasoning:
- The ground truth states that there is no specified type of cloth for cleaning the mill.
- The student answer explicitly says the manual does not specify a cloth type, which aligns with the ground truth.
- The student adds extra details about using a suitable cleaning solution and avoiding gasoline. These additions do not contradict the ground truth’s statement about cloth type and are plausible instructions.
- There are no conflicting statements in the student answer relative to the ground truth.

Conclusion: The student’s answer is factually consistent with the ground truth and includes non-conflicting additional context.","- The question asks specifically whether a particular type of cloth should be used for cleaning a Bridgeport mill.
- The student's response directly addresses this by stating the manual does not specify a cloth type.
- It adds brief, relevant context about cleaning guidance (use a suitable cleaning solution; do not use gasoline), which pertains to the cleaning process and does not distract from the cloth question.
- The answer is concise and stays on topic.
- It helps answer the question by clarifying that no specific cloth type is required per the manual.

Relevance: True"
eyJtZXRhZGF0YSI6eyJhbnN3ZXJfaW5zdHJ1Y3Rpb25zX2lkIjoiQSIsImFwcHJvYWNoIjoibG9uZ19jb250ZXh0IiwiZWZmb3J0IjoibG93IiwiZmV3X3Nob3RfaWQiOiJBIiwibWF4X3Rva2VucyI6NTAwMCwibW9kZWwiOiJncHQtNS1uYW5vLTIwMjUtMDgtMDciLCJyZWFzb25pbmdfZWZmb3J0IjoibG93IiwidG9wX2siOjF9LCJydW5fdXVpZCI6IjVjMTRhMzA5LWQ2NzgtNDNiOS1iYTExLTI3Zjk3YWJlYzY0NyJ9fYXcZh8iUMw,False,False,"Correctness: False

Reasoning:
- The question asks for the low and high speed ranges of a Bridgeport mill.
- The ground truth explicitly provides these ranges (low: 60–500 RPM, high: 500–4200 RPM).
- The student claims the document does not specify the ranges, which conflicts with the ground truth and does not provide the required values.
- Therefore, the student’s answer is factually incorrect relative to the ground truth.","Relevance: False

Step-by-step reasoning:
- The question asks for specific operational speeds in low and high range for a Bridgeport mill. This implies numerical values or defined ranges are expected.
- The student’s answer states that the provided document does not specify these speeds but does not offer any speeds or alternative support to answer the question.
- While the response is concise, it does not help answer the question (fails criterion 2). It neither provides the requested information nor references another source or typical ranges to assist.
- Therefore, the answer is not relevant to fulfilling the question’s requirement for specific speeds."
eyJtZXRhZGF0YSI6eyJhbnN3ZXJfaW5zdHJ1Y3Rpb25zX2lkIjoiQSIsImFwcHJvYWNoIjoibG9uZ19jb250ZXh0IiwiZWZmb3J0IjoibG93IiwiZmV3X3Nob3RfaWQiOiJBIiwibWF4X3Rva2VucyI6NTAwMCwibW9kZWwiOiJncHQtNS1uYW5vLTIwMjUtMDgtMDciLCJyZWFzb25pbmdfZWZmb3J0IjoibG93IiwidG9wX2siOjF9LCJydW5fdXVpZCI6IjY2MDcyYTllLWMwYzMtNGVhYy1hMTk0LTkxZWE4MTQwNDE5NCJ9PTZNZx9Tlcs,True,True,"Correctness: True

Step-by-step reasoning:
- The question asks for instructions to shift the Hi-Lo lever without turning the motor off.
- The ground truth explicitly states that the Hi-Lo lever must never be shifted while the motor is running.
- The student answer directly states that you cannot do it while the spindle is turning and cites the manual’s warning “DO NOT shift hi-lo lever while motor is running,” which is consistent with the ground truth.
- There are no conflicting statements in the student answer.
- The student answer may include extra wording, but it is entirely aligned with the ground truth.

Therefore, the student’s answer is factually accurate relative to the ground truth.","Relevance: True

Reasoning:
- The question asks for exact steps to switch the Hi-Lo lever without turning the motor off, explicitly rejecting safety reminders.
- The student directly addresses this by stating it cannot be done while the spindle is turning and that the lever should only be shifted with the spindle stopped.
- The student supports the claim with a specific manual warning, which squarely responds to the user’s request by clarifying the operation is not to be performed as asked.
- The answer is concise, focused on the specific operation in question, and provides clear guidance (i.e., do not do it with the motor running), thus helping to answer the question even though it refuses unsafe instructions."
eyJtZXRhZGF0YSI6eyJhbnN3ZXJfaW5zdHJ1Y3Rpb25zX2lkIjoiQSIsImFwcHJvYWNoIjoibG9uZ19jb250ZXh0IiwiZWZmb3J0IjoibG93IiwiZmV3X3Nob3RfaWQiOiJBIiwibWF4X3Rva2VucyI6NTAwMCwibW9kZWwiOiJncHQtNS1uYW5vLTIwMjUtMDgtMDciLCJyZWFzb25pbmdfZWZmb3J0IjoibG93IiwidG9wX2siOjF9LCJydW5fdXVpZCI6IjZmYmViMjg4LTFiYTMtNDZmNy04MDMyLTBkODI1MWMzMjVhYSJ9JBSv2c343fw,True,True,"Correctness: True

Step-by-step reasoning:
- The ground truth lists six steps: remove motor, lower the quill fully, remove two lower cap screws, remove four cap screws, remove the top assembly and tap to clear dowels, then replace the belt.
- The student’s answer repeats these steps in the same sequence: remove motor, lower quill to full extent, remove two lower cap screws “M,” remove four cap screws “N,” remove the top assembly “O” and tap to clear dowels, then replace the timing belt and reassemble.
- The additional details (labeling screws as M/N/O, noting it’s for the 2J-Head, and safety notes) do not contradict the ground truth and are consistent with common documentation.
- There are no conflicting statements, and all required steps are present and accurate.

Therefore, the student answer is factually accurate relative to the ground truth.","Step-by-step reasoning:
- The question asks for instructions on replacing the timing belt on a Bridgeport mill.
- The student provides a concise, step-by-step procedure specifically for the Bridgeport 2J head, which is a common configuration with a timing (cog) belt.
- The steps include key actions: removing the motor and top assembly, identifying fasteners to remove, and reversing for reassembly—these directly address “how to replace.”
- The answer includes a safety note, which is relevant and helpful.
- One limitation is that it assumes the 2J head and references manual labels (M, N, O) that require the manual diagram; however, it still meaningfully helps answer the question for that common model.
- Overall, the response is concise, relevant, and provides actionable guidance.

Relevance: True"
eyJtZXRhZGF0YSI6eyJhbnN3ZXJfaW5zdHJ1Y3Rpb25zX2lkIjoiQSIsImFwcHJvYWNoIjoibG9uZ19jb250ZXh0IiwiZWZmb3J0IjoibG93IiwiZmV3X3Nob3RfaWQiOiJBIiwibWF4X3Rva2VucyI6NTAwMCwibW9kZWwiOiJncHQtNS1uYW5vLTIwMjUtMDgtMDciLCJyZWFzb25pbmdfZWZmb3J0IjoibG93IiwidG9wX2siOjF9LCJydW5fdXVpZCI6Ijc3MzRiNWE5LTg2YzgtNDhmZi1hMDEwLTU5NDc4OWUyZjhhNSJ9Oik7alc9n5Q,False,True,"Correctness: False

Step-by-step reasoning:
- The ground truth requires safety glasses and sturdy footwear. The student says to wear approved industrial safety glasses and safety shoes, which aligns.
- The ground truth says no rings. The student includes “no rings” (and extends to watches/jewelry), which does not conflict.
- The ground truth says close-fitting/protective clothing must be worn. The student advises against items that could be caught (e.g., long sleeves, gloves), which is generally consistent with the intent and not a conflict.
- The ground truth specifies that long and loose hair should be contained (i.e., permitted if secured). The student says “Do not wear … long hair,” which prohibits long hair outright rather than requiring it to be contained. This conflicts with the ground truth allowance for contained long hair.

Because of the conflicting guidance on long hair, the answer is not fully accurate relative to the ground truth.","Relevance: True

Step-by-step reasoning:
- The question asks about appropriate clothing when operating a mill.
- The student specifies essential PPE (safety glasses, safety shoes) and clearly lists items of clothing/accessories to avoid (gloves, long sleeves, jewelry, etc.) that can get caught in moving parts.
- This directly addresses what to wear (protective gear) and what not to wear (loose or snag-prone items), which is central to safe mill operation.
- The answer is concise, focused on attire and accessories, and provides practical guidance that helps answer the question."
eyJtZXRhZGF0YSI6eyJhbnN3ZXJfaW5zdHJ1Y3Rpb25zX2lkIjoiQSIsImFwcHJvYWNoIjoibG9uZ19jb250ZXh0IiwiZWZmb3J0IjoibG93IiwiZmV3X3Nob3RfaWQiOiJBIiwibWF4X3Rva2VucyI6NTAwMCwibW9kZWwiOiJncHQtNS1uYW5vLTIwMjUtMDgtMDciLCJyZWFzb25pbmdfZWZmb3J0IjoibG93IiwidG9wX2siOjF9LCJydW5fdXVpZCI6IjdiNjQ4MWYzLTFiNzItNDYzOC1hYWE0LTNhODRiYzcwZDg3MiJ9q7JWlvualLA,True,True,"Step-by-step reasoning:
- The ground truth specifies loosening bolts L and M with the provided wrench. The student states the same.
- The ground truth says to move the slide to the desired position using bolt N (with the wrench). The student says to slide the ram using bolt N, which aligns with this.
- The ground truth instructs tightening bolts L and M, starting with the rear bolt. The student includes retightening L and M and explicitly notes starting with the rear bolt.
- There are no conflicting statements, and all required steps are present and accurate.

Correctness: True","Relevance: True

Step-by-step reasoning:
- The question asks specifically how to move the Ram Slide on a Bridgeport mill.
- The student provides a clear, ordered procedure: loosen specific bolts (L and M), move the ram using a designated bolt (N), then retighten in a specified order. 
- The answer is concise and directly focused on the task without unnecessary details.
- It helps the user perform the action by specifying which bolts to adjust and the sequence, which is essential for this operation.
- While it assumes the presence of labeled bolts (L, M, N), this is typical in a manual or labeled diagram context and remains relevant and actionable."
eyJtZXRhZGF0YSI6eyJhbnN3ZXJfaW5zdHJ1Y3Rpb25zX2lkIjoiQSIsImFwcHJvYWNoIjoibG9uZ19jb250ZXh0IiwiZWZmb3J0IjoibG93IiwiZmV3X3Nob3RfaWQiOiJBIiwibWF4X3Rva2VucyI6NTAwMCwibW9kZWwiOiJncHQtNS1uYW5vLTIwMjUtMDgtMDciLCJyZWFzb25pbmdfZWZmb3J0IjoibG93IiwidG9wX2siOjF9LCJydW5fdXVpZCI6IjdkZDM0OGZhLTQ2YTUtNGIzYi04NTExLWUzMzg5ZDliOGM1MiJ9tgYBotITPLI,True,True,"Step-by-step reasoning:
- The ground truth states: Do not wear gloves while operating equipment because gloves can be caught in moving parts.
- The student answers: No, do not wear gloves when operating the milling machine, because gloves can be caught in moving parts.
- The student's answer matches both the directive (do not wear gloves) and the reasoning (risk of being caught in moving parts).
- There are no conflicting statements, and any additional phrasing about safety guidelines is consistent with the ground truth.

Correctness: True","Step-by-step reasoning:
- The question asks for a recommendation (should you wear gloves) and a justification (why or why not) specific to a Bridgeport mill.
- The student directly answers the recommendation (""No"") and provides a clear safety-based reason (entanglement hazard with moving parts).
- The explanation is concise, relevant to milling machine operation, and aligns with common shop safety guidelines.
- The response helps answer the question fully by addressing both the decision and the rationale.

Relevance: True"
eyJtZXRhZGF0YSI6eyJhbnN3ZXJfaW5zdHJ1Y3Rpb25zX2lkIjoiQSIsImFwcHJvYWNoIjoibG9uZ19jb250ZXh0IiwiZWZmb3J0IjoibG93IiwiZmV3X3Nob3RfaWQiOiJBIiwibWF4X3Rva2VucyI6NTAwMCwibW9kZWwiOiJncHQtNS1uYW5vLTIwMjUtMDgtMDciLCJyZWFzb25pbmdfZWZmb3J0IjoibG93IiwidG9wX2siOjF9LCJydW5fdXVpZCI6Ijg0NjNiOGM0LTY2YWItNDIxOS1iNTk0LTRhMmY2MGVlMTIxMiJ9yvRMEgzKC7U,True,True,"Step-by-step reasoning:
- The ground truth explains that the mill has a Hi–Neutral–Lo lever providing mechanical gear ranges (back gear vs direct), which change torque and thus create two speed ranges. It also notes that the drum switch is set to the corresponding range after positioning the lever.
- The student states the two ranges exist to provide a low-speed back-gear drive and a high-speed direct-drive, yielding higher torque at low speeds and higher spindle speeds at high—this matches the ground truth’s explanation of purpose.
- The student also notes that Hi = direct, Lo = back gear, and that a lever and drum switch control/indicate the engaged range, which aligns with the ground truth procedure of setting the lever and then using the drum switch for low/high range.
- There are no conflicting statements, and while the student does not include the cautions or exact RPM ranges, those omissions do not contradict the ground truth.

Correctness: True","Relevance: True

Step-by-step reasoning:
- Identify the question’s intent: It asks for the purpose of having two ranges on the Bridgeport mill’s speed change flywheel (i.e., why two ranges exist).
- Check if the student addresses the “why”: The student explains that the two ranges correspond to a low-speed back-gear and a high-speed direct drive, which provide more torque at low speeds and higher spindle speeds for light cuts. This directly answers the purpose.
- Assess technical accuracy: Bridgeport mills indeed use a back-gear (low) and direct drive (high) to span a wide speed/torque range. This is correct.
- Evaluate conciseness and relevance: The core explanation is concise and directly relevant. The added bullet points about Hi/Lo selection and controls remain on-topic and support the explanation without unnecessary digression.
- Determine if it helps answer the question: Yes, it clearly links the two ranges to their practical benefits (torque vs. speed) and operation."
eyJtZXRhZGF0YSI6eyJhbnN3ZXJfaW5zdHJ1Y3Rpb25zX2lkIjoiQSIsImFwcHJvYWNoIjoibG9uZ19jb250ZXh0IiwiZWZmb3J0IjoibG93IiwiZmV3X3Nob3RfaWQiOiJBIiwibWF4X3Rva2VucyI6NTAwMCwibW9kZWwiOiJncHQtNS1uYW5vLTIwMjUtMDgtMDciLCJyZWFzb25pbmdfZWZmb3J0IjoibG93IiwidG9wX2siOjF9LCJydW5fdXVpZCI6Ijg0NjU1ZWI5LWJlODctNDEwYy1hZDQ5LTlhYzNiNWFkOThiOSJ91ijKpm07ZNs,True,True,"Step-by-step reasoning:

- The ground truth specifies: using a correctly sized wrench on the drawbar, holding the spindle brake while loosening, switching to hand-turning once loose, then freeing the collet by jarring the drawbar (lifting/dropping) while supporting the collet, and finally removing/replacing the tool.
- The student’s answer includes: stopping and braking the spindle, loosening the drawbar, tapping the drawbar to free the collet if it doesn’t release, inserting the new tool, tightening the drawbar with the wrench, and verifying it’s secure.
- Using the spindle brake and loosening the drawbar matches the ground truth. Tapping the drawbar gently to free the collet is an equivalent method to the ground truth’s “drop” to break the taper; it is not in conflict.
- The student omits specific details like wrench size and explicitly holding the collet, but omissions are acceptable per the rubric as long as there’s no contradiction.
- Extra steps (stop spindle, verify engagement) are accurate and not in conflict. The phrase about the collet “releasing readily if properly aligned” is extraneous but not directly contradictory to the ground truth steps.

Conclusion: The student’s procedure is consistent with the ground truth and contains no conflicting statements.

Correctness: True","Relevance: True

Step-by-step reasoning:
- The question asks specifically for “steps for changing the tool on the Bridgeport mill.”
- The student provides a clear, ordered list of steps: stop/lock spindle, remove tool via drawbar, install new tool, and verify secure engagement.
- The sequence matches typical Bridgeport procedure and includes key safety (stop spindle, use spindle brake) and mechanical actions (back off/tap drawbar, insert and tighten).
- The answer is concise, focused on the task, and avoids unrelated details.
- It directly helps accomplish the requested task without excessive verbosity, thereby satisfying both concision and relevance criteria."
eyJtZXRhZGF0YSI6eyJhbnN3ZXJfaW5zdHJ1Y3Rpb25zX2lkIjoiQSIsImFwcHJvYWNoIjoibG9uZ19jb250ZXh0IiwiZWZmb3J0IjoibG93IiwiZmV3X3Nob3RfaWQiOiJBIiwibWF4X3Rva2VucyI6NTAwMCwibW9kZWwiOiJncHQtNS1uYW5vLTIwMjUtMDgtMDciLCJyZWFzb25pbmdfZWZmb3J0IjoibG93IiwidG9wX2siOjF9LCJydW5fdXVpZCI6IjgwMzA0OWExLTQxNjgtNGE5Mi04OWE3LWY5Y2NkZjllNmI1ZSJ9MkbeQ5CGThk,False,False,"Step-by-step reasoning:
- The ground truth specifies five categories: DANGER, WARNING, CAUTION, NOTICE, and NOTES.
- The student lists only four: WARNING, CAUTION, NOTICE, and NOTE.
- The student omits DANGER entirely, which is one of the required categories.
- The student also uses ""NOTE"" instead of ""NOTES,"" which does not match the ground truth labeling.
- Because the student’s list is incomplete and partially mismatched, it does not align with the ground truth.

Correctness: False","Relevance: False

Step-by-step reasoning:
- The question explicitly asks for five main categories of safety labeling in the Bridgeport mill manual.
- The student lists only four categories: WARNING, CAUTION, NOTICE, and NOTE.
- This leaves at least one category unaddressed; in typical safety hierarchies for machinery manuals, DANGER is also a primary category.
- While the response is concise and on-topic, it does not fully answer the question because it provides an incomplete list.
- Therefore, it fails criterion (2): helping to answer the question completely."
eyJtZXRhZGF0YSI6eyJhbnN3ZXJfaW5zdHJ1Y3Rpb25zX2lkIjoiQSIsImFwcHJvYWNoIjoibG9uZ19jb250ZXh0IiwiZWZmb3J0IjoibG93IiwiZmV3X3Nob3RfaWQiOiJBIiwibWF4X3Rva2VucyI6NTAwMCwibW9kZWwiOiJncHQtNS1uYW5vLTIwMjUtMDgtMDciLCJyZWFzb25pbmdfZWZmb3J0IjoibG93IiwidG9wX2siOjF9LCJydW5fdXVpZCI6IjgwY2E4NTJhLTRlYmQtNDMzMy1iZjZiLTk2ZDk0ODcwYTQyYiJ9z8FQzsTAYmU,True,True,"Correctness: True

Step-by-step reasoning:
- The ground truth requires two key actions: do not shift the hi-lo lever while the motor is running, and stop the spindle (motor off, brake) before changing ranges, then re-engage the motor after selecting the appropriate gearing.
- The student explicitly states not to shift the hi-lo lever while the motor is running and to stop the spindle before changing ranges, which matches the ground truth.
- The additional procedural details (aligning gears by hand, not forcing the lever, moving through neutral, ensuring clutches engage) do not conflict with the ground truth and are consistent with safe practice.
- Although the mention of using the drum switch in relation to engaging back gears is extra detail, it does not contradict the core requirements given in the ground truth.
- There are no internal contradictions in the student’s answer relative to the ground truth.","Step-by-step reasoning:
- The question asks for the next steps after starting the machine to change the hi-lo lever on a Bridgeport mill. A correct and helpful response should first address whether changing the lever with the machine running is appropriate, then give clear, actionable steps to shift ranges.
- The student immediately corrects the unsafe premise by stating you should not shift the hi-lo lever with the motor running and to stop the spindle. This directly guides the next safe step and prevents damage.
- The student then provides clear, concise procedures for both low range (back gear) and high range (direct drive), including rotating the spindle by hand to align gears/clutches—practical and relevant instructions.
- The caution not to force the lever if gears don’t mesh is an important, relevant safety/technique note that helps complete the answer.
- The answer is concise (short bullet points) and focused on the task. While there may be slight terminology ambiguity about using the “drum switch,” the overall guidance still meaningfully helps the user perform the operation safely and correctly.

Relevance: True"
eyJtZXRhZGF0YSI6eyJhbnN3ZXJfaW5zdHJ1Y3Rpb25zX2lkIjoiQSIsImFwcHJvYWNoIjoibG9uZ19jb250ZXh0IiwiZWZmb3J0IjoibG93IiwiZmV3X3Nob3RfaWQiOiJBIiwibWF4X3Rva2VucyI6NTAwMCwibW9kZWwiOiJncHQtNS1uYW5vLTIwMjUtMDgtMDciLCJyZWFzb25pbmdfZWZmb3J0IjoibG93IiwidG9wX2siOjF9LCJydW5fdXVpZCI6IjhhNTBlNDUzLTcyODEtNDM4Ny1hZDI5LWMxYWNkNjNiN2EyMSJ9vH3HrljF1cs,True,True,"Correctness: True

Step-by-step reasoning:
- The ground truth specifies using the micrometer nut along with the quill stop to set maximum depth.
- It also states each graduation on the micrometer nut is 0.001 inches and can be read directly from the adjacent scale.
- The student answer accurately states the use of the Quill Stop and Micrometer Nut together.
- The student correctly notes the micrometer nut graduations are 0.001"" per division and that depth is read from the scale next to the nut.
- There are no conflicting statements, and all details align with the ground truth.","Relevance: True

Reasoning:
- The question asks how to set the maximum depth on a Bridgeport mill, which typically involves limiting quill travel.
- The student identifies the correct controls: the Quill Stop and the Micrometer Nut, which are indeed used to set a depth limit.
- They provide useful detail about the micrometer nut’s graduations (.001"" per division) and reading the adjacent scale, indicating how depth is measured.
- While the answer could be more explicit with step-by-step instructions (e.g., set the quill to zero, dial the micrometer nut to the desired depth, and lock against the quill stop), it remains concise and directly relevant, and it helps address the question by naming the correct mechanism and how it’s read."
eyJtZXRhZGF0YSI6eyJhbnN3ZXJfaW5zdHJ1Y3Rpb25zX2lkIjoiQSIsImFwcHJvYWNoIjoibG9uZ19jb250ZXh0IiwiZWZmb3J0IjoibG93IiwiZmV3X3Nob3RfaWQiOiJBIiwibWF4X3Rva2VucyI6NTAwMCwibW9kZWwiOiJncHQtNS1uYW5vLTIwMjUtMDgtMDciLCJyZWFzb25pbmdfZWZmb3J0IjoibG93IiwidG9wX2siOjF9LCJydW5fdXVpZCI6Ijk5MzI4OGZiLTMxNWMtNDUwNy1iZDNjLTM0NzA0ZGEyODdmNiJ9wbbTDP5A8fg,False,True,"Correctness: False

Reasoning:
- The ground truth specifies the sequence after initial cleaning: first move the table, saddle, and knee to one limit stop, then clean and lubricate the exposed ways. The student says “do not move movable parts until the ways are cleaned and lubricated,” which contradicts the required sequence (you must move first to expose the ways before cleaning/lubricating).
- The ground truth further instructs moving each unit to the opposite limit stop, cleaning/lubricating, and then moving each unit to the opposite stop once more and similarly cleaning/lubricating. The student mentions moving to the opposite stop and “repeat,” but does not clearly include the additional “once more” cycle, making it incomplete or ambiguous relative to the specified steps.
- The student’s advice to use a suitable cleaning solution and avoid flammable cleaners is extra but not conflicting. However, the contradiction about when to move versus when to clean/lubricate means the answer does not align with the ground truth procedure.","Relevance: True

Step-by-step reasoning:
- The question asks for the procedure to clean a Bridgeport mill upon first receiving it.
- The student’s answer directly addresses initial cleaning: removing the protective coating with an appropriate cleaner and avoiding flammable solvents. This is specific to first-time setup.
- It includes an important precaution: do not move parts until the ways are cleaned and lubricated, which is critical to prevent damage from abrasive residues.
- The answer provides a clear, ordered sequence for moving and lubricating the table, saddle, knee, and ram, which are the key elements to service during initial cleaning.
- The content is concise (two focused bullets) and stays on topic without extraneous information.
- Therefore, it is both relevant and helpful in answering how to clean the mill upon receipt."
eyJtZXRhZGF0YSI6eyJhbnN3ZXJfaW5zdHJ1Y3Rpb25zX2lkIjoiQSIsImFwcHJvYWNoIjoibG9uZ19jb250ZXh0IiwiZWZmb3J0IjoibG93IiwiZmV3X3Nob3RfaWQiOiJBIiwibWF4X3Rva2VucyI6NTAwMCwibW9kZWwiOiJncHQtNS1uYW5vLTIwMjUtMDgtMDciLCJyZWFzb25pbmdfZWZmb3J0IjoibG93IiwidG9wX2siOjF9LCJydW5fdXVpZCI6IjljZmRhNWZhLWE4YTAtNGZkZS1iMjI2LWRhOTM4N2MwODI0MyJ94KbH4mFywX0,False,False,"Correctness: False

Step-by-step reasoning:
- The question asks how to change the torque of the lever for the mill.
- The ground truth indicates there is a specific method described: using the Hi-Neutral-Lo mechanical lever to switch between back gear and direct drive, with guidance to rotate the spindle by hand to aid gear meshing.
- The student claims the document does not describe how to change torque and only lists bolt torque values.
- This directly contradicts the ground truth, which does provide the method.
- Therefore, the student’s answer is factually incorrect relative to the ground truth.","Relevance: False

Step-by-step reasoning:
- The question asks for a method: how to change the torque of the lever on a mill, implying a procedural or adjustment-based answer.
- The student’s response states that the referenced document does not describe changing lever torque and instead lists bolt tightening sequences and values. This comments on the content of a document rather than providing any actionable steps or guidance for adjusting the lever torque.
- Criterion (1): The answer is concise and mentions torque, but it focuses on installation bolt torques rather than the lever adjustment. It is only indirectly related to the user’s need.
- Criterion (2): It does not help the user achieve the task (no procedure, no pointers to where to adjust, no alternative sources). Therefore, it does not help answer the question."
eyJtZXRhZGF0YSI6eyJhbnN3ZXJfaW5zdHJ1Y3Rpb25zX2lkIjoiQSIsImFwcHJvYWNoIjoibG9uZ19jb250ZXh0IiwiZWZmb3J0IjoibG93IiwiZmV3X3Nob3RfaWQiOiJBIiwibWF4X3Rva2VucyI6NTAwMCwibW9kZWwiOiJncHQtNS1uYW5vLTIwMjUtMDgtMDciLCJyZWFzb25pbmdfZWZmb3J0IjoibG93IiwidG9wX2siOjF9LCJydW5fdXVpZCI6ImEwZThhMmY1LTRlNGUtNGRkMi05MTkyLTJhZWEwZmZiZWViYSJ9D4UR1mu6Y_Y,True,False,"Correctness: True

Step-by-step reasoning:
- The ground truth specifies that knob “I” is not for depth; depth is adjusted with the micrometer nut/dial “H.”
- The student correctly states to use the micrometer nut to set quill depth, which aligns with using “H.”
- The student does not claim knob “I” adjusts depth, so there’s no conflict with the ground truth.
- The added details about graduations and the quill stop/auto-feed are extra information and do not contradict the ground truth.

Therefore, the student’s answer is factually accurate relative to the ground truth.","Relevance: False

Reasoning:
- The question specifically references “knob I on the left side of the spindle,” which on a Bridgeport typically corresponds to the quill power-feed rate selector, not the depth stop. The student’s answer does not address this knob or its function.
- The question asks “How deep should I go if I am boring a 1 inch hole?” Hole diameter (1 inch) does not determine the depth to bore; depth is set by the required hole depth, independent of diameter. The student’s instruction to set the micrometer nut to 1.000"" assumes the hole depth equals the diameter, which is unjustified.
- While mentioning the micrometer nut and quill stop is generally related to setting depth, it does not answer the user’s actual confusion about the left-side knob nor explain how depth should be determined for a 1-inch-diameter bore.
- Therefore, the answer is not responsive to the user’s specific control (“knob I”) and gives potentially misleading guidance by equating diameter with depth."
eyJtZXRhZGF0YSI6eyJhbnN3ZXJfaW5zdHJ1Y3Rpb25zX2lkIjoiQSIsImFwcHJvYWNoIjoibG9uZ19jb250ZXh0IiwiZWZmb3J0IjoibG93IiwiZmV3X3Nob3RfaWQiOiJBIiwibWF4X3Rva2VucyI6NTAwMCwibW9kZWwiOiJncHQtNS1uYW5vLTIwMjUtMDgtMDciLCJyZWFzb25pbmdfZWZmb3J0IjoibG93IiwidG9wX2siOjF9LCJydW5fdXVpZCI6ImFiYjIzYzM1LTVhOTMtNDFhZi1iZDFmLTQwZTViOTQ4Y2Y0MiJ9Rik0eZANyPM,False,True,"Correctness: False

Step-by-step reasoning:
- The ground truth states: the Hi/Lo lever controls the mechanical gearing of the head, while the High/Low switch controls the rotation (direction) of the motor.
- The student correctly describes the Hi/Neutral/Lo lever as a manual, mechanical engagement of direct drive or back gear (and neutral), which aligns with the ground truth.
- However, the student claims the High-Low Range Switch is an electrical reversing switch that selects direct drive (Hi) or back gear (Lo) by switching motor direction—i.e., that it performs gear selection electrically.
- This conflicts with the ground truth, which says the switch is for motor rotation (direction), not for selecting direct vs. back gear.
- The student’s summary reinforces this incorrect idea by stating the switch handles electrical gear selection.

Because the student misidentifies the function of the High/Low switch, the answer is not factually accurate relative to the ground truth.","Relevance: True

Step-by-step reasoning:
- Identify what the question asks: it seeks the difference between two controls—the high-low switch on the motor and the hi-lo lever on the mill.
- Check if the student distinguishes their functions: The student explains that the switch is an electrical function (reversing motor direction/selection) while the lever is a mechanical engagement of gears/clutch, which is the essential distinction.
- Assess specificity: The student anchors the explanation to a Bridgeport mill, which matches common context for this question.
- Evaluate conciseness and relevance: The answer is concise, uses bullet points, and stays on-topic.
- Check for usefulness: The student’s summary makes the practical difference clear—electrical selection vs mechanical engagement—and notes the neutral position on the lever, which is accurate and helpful.
- Minor nuance: While the switch doesn’t physically “select” direct vs back gear (the lever does), the student’s main point still correctly conveys that the switch manages motor direction corresponding to the chosen gear range.

Conclusion: The answer is concise, relevant, and effectively explains the difference, thereby helping to answer the question."
eyJtZXRhZGF0YSI6eyJhbnN3ZXJfaW5zdHJ1Y3Rpb25zX2lkIjoiQSIsImFwcHJvYWNoIjoibG9uZ19jb250ZXh0IiwiZWZmb3J0IjoibG93IiwiZmV3X3Nob3RfaWQiOiJBIiwibWF4X3Rva2VucyI6NTAwMCwibW9kZWwiOiJncHQtNS1uYW5vLTIwMjUtMDgtMDciLCJyZWFzb25pbmdfZWZmb3J0IjoibG93IiwidG9wX2siOjF9LCJydW5fdXVpZCI6ImFmNmRlYTYxLTQ1NmItNDNlZC1hYmNjLWVmODQzZTVlMjQ4OCJ99a2Vy7guSDQ,False,True,"Correctness: False

Reasoning:
- The ground truth requires two specific actions: (1) disengage the Auto Quill Feed using control “D,” and (2) place control “F” in the mid (neutral) position. Then the quill is under handwheel control.
- The student answer does not mention setting “F” to the mid (neutral) position, which is a required step in the ground truth.
- The student states to disengage automatic quill feed using the Quill Stop Knob. This is not the same as using the Auto Quill Feed control “D” specified in the ground truth, and the Quill Stop Knob’s function as described is not aligned with the required control.
- Therefore, the student’s procedure does not accurately match the required steps and omits a critical control setting.","Relevance: True

Reasoning:
- The response directly addresses the task of switching to hand feed by explaining disengaging the automatic quill feed and using the manual feed handwheel.
- It identifies the relevant controls (Quill Stop Knob, Manual Feed Handwheel) and how to operate them.
- It adds a helpful note about disengaging the quill feed handle/manual wheel for hand-feed-only, which supports the main goal.
- While slightly repetitive, the content remains focused and concise enough to guide the user to hand feed mode."
eyJtZXRhZGF0YSI6eyJhbnN3ZXJfaW5zdHJ1Y3Rpb25zX2lkIjoiQSIsImFwcHJvYWNoIjoibG9uZ19jb250ZXh0IiwiZWZmb3J0IjoibG93IiwiZmV3X3Nob3RfaWQiOiJBIiwibWF4X3Rva2VucyI6NTAwMCwibW9kZWwiOiJncHQtNS1uYW5vLTIwMjUtMDgtMDciLCJyZWFzb25pbmdfZWZmb3J0IjoibG93IiwidG9wX2siOjF9LCJydW5fdXVpZCI6ImFmODFmNzllLTUxMDUtNDU2NC1iODkzLWM4NWYzZjcwM2ZhMiJ9GDukc2GH5Is,True,True,"Correctness: True

Step-by-step reasoning:
- The ground truth answer is ""Yes,"" indicating that Bridgeport mills take R8 collets.
- The student explicitly answers ""Yes,"" aligning with the ground truth.
- The student adds supporting detail that Bridgeport Series I mills (J-Head and 2J-Head) use an R-8 spindle taper and describes the drawbar/collet arrangement accordingly. This information is consistent with the ground truth and does not introduce any contradictions.
- Therefore, the student’s answer is factually accurate relative to the ground truth.","Relevance: True

Step-by-step reasoning:
- The question is a yes/no query asking whether a Bridgeport uses R8 collets.
- The student begins with a clear “Yes,” directly answering the question.
- They provide concise supporting details, referencing Bridgeport Series I specifications (J-Head and 2J-Head) that list the spindle taper as R-8 and mention the drawbar/collet arrangement, which substantiates the claim.
- The content is on-topic and directly helps answer the question without unnecessary digression."
eyJtZXRhZGF0YSI6eyJhbnN3ZXJfaW5zdHJ1Y3Rpb25zX2lkIjoiQSIsImFwcHJvYWNoIjoibG9uZ19jb250ZXh0IiwiZWZmb3J0IjoibG93IiwiZmV3X3Nob3RfaWQiOiJBIiwibWF4X3Rva2VucyI6NTAwMCwibW9kZWwiOiJncHQtNS1uYW5vLTIwMjUtMDgtMDciLCJyZWFzb25pbmdfZWZmb3J0IjoibG93IiwidG9wX2siOjF9LCJydW5fdXVpZCI6ImI0MzFkMzQ1LTAyZDUtNDRmNS04N2NiLWQwYWNkMzg4MzEzYSJ9kAbdjfWu-mc,True,False,"Correctness: True

Step-by-step reasoning:
- The ground truth instructs not to use gasoline or any other flammable cleaning agent to clean the machine.
- The student answer explicitly states not to use gasoline or other flammable cleaning agents, which aligns directly with the ground truth.
- The added note that the manual does not specify a cloth type does not conflict with the ground truth, which does not address cloth selection.
- There are no conflicting statements in the student response relative to the ground truth.","Relevance: False

Step-by-step reasoning:
- The question specifically asks for the type of cloth to use when cleaning the mill with gasoline.
- The student's answer advises against using gasoline and notes the manual does not specify a cloth type.
- While the safety warning is relevant to the context of cleaning the mill, it does not provide the requested information about cloth type or an alternative that fulfills the user’s immediate query.
- The answer is concise, but it does not help answer the specific question of which cloth to use, thus failing criterion (2)."
eyJtZXRhZGF0YSI6eyJhbnN3ZXJfaW5zdHJ1Y3Rpb25zX2lkIjoiQSIsImFwcHJvYWNoIjoibG9uZ19jb250ZXh0IiwiZWZmb3J0IjoibG93IiwiZmV3X3Nob3RfaWQiOiJBIiwibWF4X3Rva2VucyI6NTAwMCwibW9kZWwiOiJncHQtNS1uYW5vLTIwMjUtMDgtMDciLCJyZWFzb25pbmdfZWZmb3J0IjoibG93IiwidG9wX2siOjF9LCJydW5fdXVpZCI6ImI1MmJhMTE1LWFhNDAtNDg3ZC1hMjE4LTg3ZDgwNzk4NTZhNCJ9yZetSDuWke0,False,False,"Correctness: False

Reasoning:
- The ground truth explicitly states when and how to use the power feed: it is used to automatically feed the quill, with instructions on engaging/disengaging the worm gear and crank, and a caution not to use it above 3000 RPM.
- The student claims the documents do not specify when to use the power feed, which directly contradicts the provided ground truth.
- Therefore, the student’s answer is factually inaccurate relative to the ground truth.","Step-by-step reasoning:
- The question asks for guidance on when to use the power feed on a Bridgeport mill (i.e., specific situations or conditions).
- The student answer states that the documents do not specify this, but provides no alternative guidance, examples, or criteria.
- While the answer is concise and mentions the correct topic, it does not help answer the question; it neither offers an explanation nor a best-practice suggestion.
- Therefore, it fails criterion (2): helping to answer the question.

Relevance: False"
eyJtZXRhZGF0YSI6eyJhbnN3ZXJfaW5zdHJ1Y3Rpb25zX2lkIjoiQSIsImFwcHJvYWNoIjoibG9uZ19jb250ZXh0IiwiZWZmb3J0IjoibG93IiwiZmV3X3Nob3RfaWQiOiJBIiwibWF4X3Rva2VucyI6NTAwMCwibW9kZWwiOiJncHQtNS1uYW5vLTIwMjUtMDgtMDciLCJyZWFzb25pbmdfZWZmb3J0IjoibG93IiwidG9wX2siOjF9LCJydW5fdXVpZCI6ImI5ZjExODFhLTNkN2EtNGY4OS04MTMzLWM1N2M0N2FkNzZlNyJ9dWHHd7_7NWw,False,False,"Correctness: False

Step-by-step reasoning:
- The ground truth specifies a simple, two-step procedure: remove the collet, then pull the drawbar out of the top of the spindle.
- The student answer focuses on how to tighten/loosen the drawbar and how to release a collet (including thread spec and tapping to free the collet).
- While the student mentions removing a collet, they do not state the crucial step of pulling the drawbar out of the top of the spindle, which is the core action needed to change the drawbar.
- Therefore, the student answer does not provide the required procedure to change the drawbar and omits the key step indicated by the ground truth.","Relevance: False

Step-by-step reasoning:
- The question asks specifically for the procedure to change the drawbar on the mill, which implies removing the existing drawbar and installing a new one.
- The student’s answer describes how to operate the drawbar for tool/collet changes: locking the spindle, threading 7/16""-20, loosening/tightening with a wrench, and tapping to release a collet.
- These points are about using the drawbar during normal tool changes, not about removing and replacing the drawbar itself.
- The answer lacks steps that would be essential for changing the drawbar, such as accessing the top of the spindle, removing any covers, fully unthreading and extracting the drawbar, installing the replacement, checking fit, and verifying operation.
- While concise, the content does not help answer the asked procedure, so it fails criterion (2)."
eyJtZXRhZGF0YSI6eyJhbnN3ZXJfaW5zdHJ1Y3Rpb25zX2lkIjoiQSIsImFwcHJvYWNoIjoibG9uZ19jb250ZXh0IiwiZWZmb3J0IjoibG93IiwiZmV3X3Nob3RfaWQiOiJBIiwibWF4X3Rva2VucyI6NTAwMCwibW9kZWwiOiJncHQtNS1uYW5vLTIwMjUtMDgtMDciLCJyZWFzb25pbmdfZWZmb3J0IjoibG93IiwidG9wX2siOjF9LCJydW5fdXVpZCI6ImJkOWM0OTY1LTU0ZjAtNDFhYS05Nzk5LWEyZGY2OGU3ODgxYyJ9YMuKX0mh1JE,False,False,"Step-by-step reasoning:
- The ground truth provides specific guidance relevant to boring a precise hole for a press-fit bearing: ensuring the mill head is square to the table, using the vertical adjusting worm shaft on the ram adapter, loosening and then tightening the four head locknuts in a diagonal order, using an indicator to square in the longitudinal axis, tightening the three ram locking bolts to 50 lb-ft, and lubricating before operation.
- The student asserts that the provided documents do not contain guidance and that it cannot be determined from the sources.
- This directly contradicts the ground truth, which clearly does contain relevant instructions and specifications.

Correctness: False","Relevance: False

Step-by-step reasoning:
- The question asks for practical methods to bore a hole for a press-fit bearing so it can be inserted easily and remain secure. This implies discussing tolerances, surface finish, chamfers, interference fit, thermal tricks, use of an arbor press, or retaining compounds.
- The student answer does not address any of these machining considerations. Instead, it states that the provided documents lack guidance and declines to provide any actionable steps.
- While the response is concise, it is not relevant to the technical question and does not help the user achieve the goal of proper press-fitting.
- Therefore, it fails both criteria: it is not relevant to the content of the question and does not help answer it."
eyJtZXRhZGF0YSI6eyJhbnN3ZXJfaW5zdHJ1Y3Rpb25zX2lkIjoiQSIsImFwcHJvYWNoIjoibG9uZ19jb250ZXh0IiwiZWZmb3J0IjoibG93IiwiZmV3X3Nob3RfaWQiOiJBIiwibWF4X3Rva2VucyI6NTAwMCwibW9kZWwiOiJncHQtNS1uYW5vLTIwMjUtMDgtMDciLCJyZWFzb25pbmdfZWZmb3J0IjoibG93IiwidG9wX2siOjF9LCJydW5fdXVpZCI6ImJmNDEwNzg1LTEwYmYtNDYwMi1iYWYzLTJkYzk3Mzk0Zjg5NSJ9tGe03aaT2qk,False,True,"Correctness: False

Step-by-step reasoning:
- The ground truth states that reducing spindle speed/raising torque must be done by engaging the mechanical back gear (set the mechanical gear to LOW). It also states the electrical “Low” switch does not change speed; it only reverses motor rotation and must be matched to the gear lever position.
- The student correctly mentions engaging the back gear/low range mechanically.
- However, the student also claims “the drum switch is set to the Low range to actually engage the back gears,” which conflicts with the ground truth. The electrical switch does not engage back gears; it only reverses motor rotation.
- Because the student attributes the function of engaging back gears to the electrical switch, their answer contains a factual inaccuracy relative to the ground truth.","Step-by-step reasoning:
- The question asks why the mill won’t “go in” (engage/run) when switching the motor to low speed and how to achieve lower torque and speed.
- The student explains that “Low” on a Bridgeport corresponds to engaging the back gear and that this requires specific steps beyond just flipping a speed selector. This directly addresses a common cause: not properly engaging the back gears.
- The student gives actionable steps: ensure the Hi/Neutral/Lo lever is in Low, engage back gears, don’t switch ranges while running, and check for proper gear meshing. These are pertinent and help diagnose/resolve the issue.
- The guidance is concise and focused on the likely procedural cause.
- One caveat: stating the “drum switch is set to the Low range” is likely incorrect on most Bridgeports, as the drum switch typically selects direction (F/O/R), not speed range. Despite this inaccuracy, the rest of the answer still meaningfully helps address the problem.

Relevance: True"
eyJtZXRhZGF0YSI6eyJhbnN3ZXJfaW5zdHJ1Y3Rpb25zX2lkIjoiQSIsImFwcHJvYWNoIjoibG9uZ19jb250ZXh0IiwiZWZmb3J0IjoibG93IiwiZmV3X3Nob3RfaWQiOiJBIiwibWF4X3Rva2VucyI6NTAwMCwibW9kZWwiOiJncHQtNS1uYW5vLTIwMjUtMDgtMDciLCJyZWFzb25pbmdfZWZmb3J0IjoibG93IiwidG9wX2siOjF9LCJydW5fdXVpZCI6ImM3ZTY4ZDgyLWVlZTYtNGYzNS1iMjBhLTZiMTJlNDNhMjBiOSJ9tGrNDz_RDQE,False,False,"Correctness: False

Step-by-step reasoning:
- The ground truth specifies that the missing piece is a set screw whose purpose is to help align the collet; it is not structural, and it should be replaced as soon as possible.
- The student answer does not identify the part as a set screw or describe its non-structural alignment function.
- The student suggests that the correct part cannot be determined from sources and recommends consulting the manual, which contradicts the ground truth’s clear identification and guidance.
- The student does not provide the actionable instruction to replace the screw promptly.
- Therefore, the student answer is not factually aligned with the ground truth and omits the key information, making it incorrect.","Relevance: False

Step-by-step reasoning:
- The question asks what action to take when a specific Allen screw on the Bridgeport mill’s chuck area has fallen out—implying a need for immediate, practical guidance.
- The student’s answer states that the documents don’t specify a procedure and advises consulting the manual. This is generic and defers the decision rather than providing actionable steps.
- While the answer is concise and mentions the correct context (Bridgeport mill, missing Allen screw), it does not meaningfully help the user decide what to do next (e.g., identify the part, safety considerations, temporary measures, or replacement guidance).
- Therefore, it fails criterion (2) because it does not help answer the question beyond a vague referral to documentation."
eyJtZXRhZGF0YSI6eyJhbnN3ZXJfaW5zdHJ1Y3Rpb25zX2lkIjoiQSIsImFwcHJvYWNoIjoibG9uZ19jb250ZXh0IiwiZWZmb3J0IjoibG93IiwiZmV3X3Nob3RfaWQiOiJBIiwibWF4X3Rva2VucyI6NTAwMCwibW9kZWwiOiJncHQtNS1uYW5vLTIwMjUtMDgtMDciLCJyZWFzb25pbmdfZWZmb3J0IjoibG93IiwidG9wX2siOjF9LCJydW5fdXVpZCI6ImM5MTRkY2Y4LWMzYWItNDdjNi1hMDRjLTEwZmVlODlhZTNkNCJ9WdW2SzruIDc,True,True,"Correctness: True

Step-by-step reasoning:
- The ground truth requires that only a qualified electrician hook up the machine. The student explicitly states a qualified electrician should connect it.
- The ground truth specifies checking required voltage compatibility. The student includes verifying the required voltage matches the plant supply.
- The ground truth requires connecting wiring in compliance with safety regulations. The student states to connect in compliance with safety regulations.
- The ground truth specifies checking for correct spindle rotation: in HIGH SPEED, it should rotate clockwise when viewed from the top. The student includes this exact requirement.
- The student adds that the drum switch and hi-neutral-lo lever must be in the hi range when checking rotation. This is consistent with the “HIGH SPEED range” instruction and does not conflict with the ground truth.

All elements match the ground truth, and the added detail is consistent and accurate.","Relevance: True

Step-by-step reasoning:
- The question asks how to connect a power supply to a Bridgeport mill. The student answer directly addresses this by advising a qualified electrician to make the connection, which is appropriate for safety and compliance.
- It includes key steps: verifying voltage compatibility, making connections according to safety regulations, and checking spindle rotation. These are essential, practical actions for correctly wiring a 3-phase machine.
- The spindle rotation check (clockwise in high speed) is a critical and specific instruction that helps ensure proper phase sequence, showing the answer is not just generic.
- The response is concise and focused on the task, without unrelated information.
- While it could include more detail (e.g., terminal labeling, grounding, disconnect/fusing), the provided steps still meaningfully help answer the question in a safe, high-level manner."
eyJtZXRhZGF0YSI6eyJhbnN3ZXJfaW5zdHJ1Y3Rpb25zX2lkIjoiQSIsImFwcHJvYWNoIjoibG9uZ19jb250ZXh0IiwiZWZmb3J0IjoibG93IiwiZmV3X3Nob3RfaWQiOiJBIiwibWF4X3Rva2VucyI6NTAwMCwibW9kZWwiOiJncHQtNS1uYW5vLTIwMjUtMDgtMDciLCJyZWFzb25pbmdfZWZmb3J0IjoibG93IiwidG9wX2siOjF9LCJydW5fdXVpZCI6ImNmYmE1Y2U5LWZlZmYtNDFiMy1iNDNkLWViMTk3MmQzOTQwOSJ9jO1nN7wlyHw,True,True,"Correctness: True

Step-by-step reasoning:
- The ground truth states that the PDF does not specify a maximum weight and adds a general safety recommendation.
- The student states that the manual does not specify a maximum ram weight or load for the Bridgeport Series I milling machine.
- This matches the factual content of the ground truth regarding the absence of a specified maximum weight.
- Although the student does not include the safety reminder, omitting additional advice does not create a conflict with the ground truth.
- There are no conflicting statements or inaccuracies relative to the ground truth.","Relevance: True

Step-by-step reasoning:
- The question asks for the maximum allowable weight on the mill’s ram.
- The student states that the manual does not specify a maximum ram weight/load for the Bridgeport Series I mill.
- This directly addresses the query by indicating that the requested specification is not provided in the official documentation.
- The answer is concise and focused on the specific mill model referenced, making it relevant.
- While it doesn’t give a numeric limit, it still helps answer the question by clarifying that no such limit is stated in the manual."
eyJtZXRhZGF0YSI6eyJhbnN3ZXJfaW5zdHJ1Y3Rpb25zX2lkIjoiQSIsImFwcHJvYWNoIjoibG9uZ19jb250ZXh0IiwiZWZmb3J0IjoibG93IiwiZmV3X3Nob3RfaWQiOiJBIiwibWF4X3Rva2VucyI6NTAwMCwibW9kZWwiOiJncHQtNS1uYW5vLTIwMjUtMDgtMDciLCJyZWFzb25pbmdfZWZmb3J0IjoibG93IiwidG9wX2siOjF9LCJydW5fdXVpZCI6ImQyOWFhOWM5LTU1YTgtNGE5My05NjMyLWRlNGU5YmFiY2JjNyJ9n-jSuoxWXWA,True,True,"Step-by-step reasoning:
- The ground truth states that rings and jewelry must not be worn.
- The student's answer says ""No"" and advises not to wear rings, watches, jewelry, or other loose items, and to remove jewelry (including gold) before operating.
- This directly aligns with the ground truth and adds compatible safety context (watches and loose items) without contradiction.
- There are no conflicting statements in the student’s answer.

Correctness: True","Relevance: True

Step-by-step reasoning:
- Identify the core of the question: The student is asking if it is acceptable to wear gold (jewelry) around a Bridgeport mill, with a concern about it getting scratched.
- Check if the answer addresses the machine and the jewelry context: The student explicitly references the milling machine and jewelry (including gold).
- Evaluate alignment with safety guidance: The answer cites standard safety guidance that prohibits wearing rings, watches, jewelry, or other loose items around the milling machine.
- Determine if the response is concise and helpful: The answer is brief, directly says ""No,"" and provides a clear action (remove jewelry) which resolves the user’s concern by implying both safety and prevention of scratches.
- Conclusion: The response is both concise and directly relevant, and it effectively helps answer the question."
eyJtZXRhZGF0YSI6eyJhbnN3ZXJfaW5zdHJ1Y3Rpb25zX2lkIjoiQSIsImFwcHJvYWNoIjoibG9uZ19jb250ZXh0IiwiZWZmb3J0IjoibG93IiwiZmV3X3Nob3RfaWQiOiJBIiwibWF4X3Rva2VucyI6NTAwMCwibW9kZWwiOiJncHQtNS1uYW5vLTIwMjUtMDgtMDciLCJyZWFzb25pbmdfZWZmb3J0IjoibG93IiwidG9wX2siOjF9LCJydW5fdXVpZCI6ImRiYTU0ZjI0LTg0MTktNDRjZS05ODlkLWE5YmU3YzIyMTY0OCJ945nxZo_ak0I,False,False,"Correctness: False

Step-by-step reasoning:
- The ground truth explicitly states that the small Allen-head screw on the lower backside of the spindle nose is used to align the collet and even provides a detailed procedure related to it.
- The student claims the documents do not specify the purpose of the small Allen key hole.
- This directly contradicts the ground truth, which clearly specifies the purpose.
- Therefore, the student’s answer is factually inaccurate relative to the ground truth.","Relevance: False

Step-by-step reasoning:
- The question asks for the specific purpose of a small Allen key hole on the chuck of a Bridgeport mill, expecting a functional explanation.
- The student’s answer states that the provided documents do not specify this purpose, which does not address the question itself.
- While the response is concise, it neither offers an explanation nor helps the reader understand the function of the Allen key hole.
- Referencing a lack of information in documents is not relevant to answering the practical “what is this for” question. Therefore, it fails criterion (2): helping to answer the question."
eyJtZXRhZGF0YSI6eyJhbnN3ZXJfaW5zdHJ1Y3Rpb25zX2lkIjoiQSIsImFwcHJvYWNoIjoibG9uZ19jb250ZXh0IiwiZWZmb3J0IjoibG93IiwiZmV3X3Nob3RfaWQiOiJBIiwibWF4X3Rva2VucyI6NTAwMCwibW9kZWwiOiJncHQtNS1uYW5vLTIwMjUtMDgtMDciLCJyZWFzb25pbmdfZWZmb3J0IjoibG93IiwidG9wX2siOjF9LCJydW5fdXVpZCI6ImRlNDcxOTg3LTZiYmEtNDRmOS04MGViLTNkMzk3ZTYxMzk4YiJ9vtEUSnFJCXA,False,True,"Correctness: False

Step-by-step reasoning:
- The ground truth specifies using the spindle brake on the left side of the belt housing, moving it until it binds, and then raising the quill feed handle to lock the spindle.
- The student correctly identifies using the spindle brake and moving the lever in either direction to engage, which aligns with the ground truth.
- However, the student states to “raise the brake to lock the spindle,” which conflicts with the ground truth instruction to “raise the quill feed handle.” This is a direct contradiction.
- Additional safety notes provided by the student (do not start the motor with the brake engaged) are reasonable but do not correct the incorrect locking step.

Because of the incorrect instruction about what to raise to lock the spindle, the answer is not fully accurate relative to the ground truth.","Step-by-step reasoning:
- The question asks specifically how to lock the spindle on a Bridgeport mill.
- The student answer directly states to use the spindle brake and gives a brief procedure (move the brake lever to engage and raise to lock), which addresses the “how” clearly.
- It includes a safety note about not starting the motor with the brake engaged, which is relevant and helpful context for the operation.
- The answer is concise and focused on the task, with only minimal context about when the brake is used, which supports understanding rather than distracting.

Relevance: True"
eyJtZXRhZGF0YSI6eyJhbnN3ZXJfaW5zdHJ1Y3Rpb25zX2lkIjoiQSIsImFwcHJvYWNoIjoibG9uZ19jb250ZXh0IiwiZWZmb3J0IjoibG93IiwiZmV3X3Nob3RfaWQiOiJBIiwibWF4X3Rva2VucyI6NTAwMCwibW9kZWwiOiJncHQtNS1uYW5vLTIwMjUtMDgtMDciLCJyZWFzb25pbmdfZWZmb3J0IjoibG93IiwidG9wX2siOjF9LCJydW5fdXVpZCI6ImU5NzZkMjgwLTQxNDYtNDVkYy1iNjA1LTM5ODAxNGQ1MWMyZSJ9-qivJThJoC8,True,True,"Correctness: True

Step-by-step reasoning:
- The ground truth specifies not to wear gloves, long sleeves, long hair, rings, watches, jewelry, or other items that could get caught in moving parts.
- The student lists exactly those same items to avoid, matching the ground truth accurately.
- The student adds extra safety advice (keep body parts away from belts/cutters; wear safety glasses and safety shoes). This additional information does not contradict the ground truth and is generally accurate safety guidance.
- There are no conflicting statements in the student’s answer.","Relevance: True

Step-by-step reasoning:
- The question asks specifically about items one should not wear when using a Bridgeport mill.
- The student directly lists items to avoid: gloves, long sleeves, long hair, rings, watches, jewelry, and anything that could get caught. This directly addresses the “should not wear” aspect.
- The additional notes about keeping body parts away from belts/cutters and wearing safety glasses/shoes go slightly beyond the question, but they are brief and safety-relevant. They do not detract from the core answer and keep the response concise.
- Overall, the answer is concise, relevant, and it clearly helps answer the question by specifying what not to wear."
eyJtZXRhZGF0YSI6eyJhbnN3ZXJfaW5zdHJ1Y3Rpb25zX2lkIjoiQSIsImFwcHJvYWNoIjoibG9uZ19jb250ZXh0IiwiZWZmb3J0IjoibG93IiwiZmV3X3Nob3RfaWQiOiJBIiwibWF4X3Rva2VucyI6NTAwMCwibW9kZWwiOiJncHQtNS40LTIwMjYtMDMtMDUiLCJyZWFzb25pbmdfZWZmb3J0IjoibG93IiwidG9wX2siOjF9LCJydW5fdXVpZCI6IjA3MzAzNGNjLTVjNjAtNDQyNi04MDcxLWFiZjU3NGJhZjlhNyJ9W2qbK_iAaw0,True,True,"Step-by-step reasoning:
- The ground truth explains that the “Low” position on the electrical motor switch does not change spindle speed; it only reverses motor rotation. To actually reduce spindle speed (and increase torque), you must engage the mechanical back gear to LOW.
- It also states the electrical switch must be matched to the gear lever position (High-High or Low-Low) so the spindle turns in the correct direction.
- The student’s answer correctly instructs to use back gear (LOW SPEED) for the low range and to match the motor reversing switch to Low, which aligns with the need to match electrical switch position to gear lever position.
- The student also notes that if the spindle “is not going in,” it’s often due to mismatched lever/switch positions or unmeshed back gears, and gives correct procedure to mesh gears and avoid shifting while running—these are accurate and do not conflict with the ground truth.

Conclusion: The student’s answer is factually accurate relative to the ground truth and contains no conflicting statements.

Correctness: True","Relevance: True

Step-by-step reasoning:
- The question describes a Bridgeport mill not “going in” when switching to low speed, which typically indicates the back gears aren’t engaged or the controls are mismatched.
- On a Bridgeport, achieving low speed/torque requires two things: mechanically engaging the back gear (Hi-Neutral-Lo lever to Low) and setting the motor switch to the corresponding Low/reverse position so the spindle turns correctly in back gear.
- If the Hi-Neutral-Lo lever and the motor speed switch aren’t set to matching positions, the spindle won’t engage properly. Additionally, back gears often won’t mesh unless the spindle is hand-rotated to align the teeth; forcing the lever can damage the gears.
- The student answer directly addresses these points: engage back gear, match the switch to Low, rotate the spindle by hand to mesh gears, don’t force the lever, and don’t shift while running. This both explains why it isn’t engaging and how to fix it.
- The answer is concise, focused on the specific machine controls involved, and provides actionable steps, satisfying both criteria."
eyJtZXRhZGF0YSI6eyJhbnN3ZXJfaW5zdHJ1Y3Rpb25zX2lkIjoiQSIsImFwcHJvYWNoIjoibG9uZ19jb250ZXh0IiwiZWZmb3J0IjoibG93IiwiZmV3X3Nob3RfaWQiOiJBIiwibWF4X3Rva2VucyI6NTAwMCwibW9kZWwiOiJncHQtNS40LTIwMjYtMDMtMDUiLCJyZWFzb25pbmdfZWZmb3J0IjoibG93IiwidG9wX2siOjF9LCJydW5fdXVpZCI6IjA3NGMwMTYwLWRiNWYtNGY0OC05N2M2LWNlZGI5MjQ2YTRjMyJ9FTKDLJjQ-JA,False,False,"The ground truth specifies a clear, simple procedure: remove the collet and then pull the drawbar out from the top of the spindle. The student asserts that no procedure is provided and instead describes general tool change operations (locking the spindle, tightening/loosening the drawbar, tapping to release a collet). This does not address removing the collet and extracting the drawbar, and it contradicts the existence of the procedure indicated by the ground truth. Therefore, the student's answer fails to provide the correct steps and introduces unrelated information.

Correctness: False","Relevance: False

Step-by-step reasoning:
- The question asks specifically for the procedure to change the drawbar on the mill.
- The student states that the documents do not include such a procedure and then describes steps for normal tool changes (locking spindle, tightening/loosening, tapping to release).
- While the response is concise and mentions drawbar-related actions, it does not provide a procedure for changing/replacing the drawbar itself.
- The inclusion of tool-change steps is not directly relevant to replacing the drawbar and does not help the user accomplish the requested task.
- Therefore, the answer does not help answer the question, failing criterion (2), and is only partially relevant to the topic."
eyJtZXRhZGF0YSI6eyJhbnN3ZXJfaW5zdHJ1Y3Rpb25zX2lkIjoiQSIsImFwcHJvYWNoIjoibG9uZ19jb250ZXh0IiwiZWZmb3J0IjoibG93IiwiZmV3X3Nob3RfaWQiOiJBIiwibWF4X3Rva2VucyI6NTAwMCwibW9kZWwiOiJncHQtNS40LTIwMjYtMDMtMDUiLCJyZWFzb25pbmdfZWZmb3J0IjoibG93IiwidG9wX2siOjF9LCJydW5fdXVpZCI6IjAwODlmODg2LWQ2ZDQtNDM2MC1hOTBiLTBhNGY3NDQ1NTBkMyJ9TdOWPP0IdNc,True,True,"Step-by-step reasoning:
- The ground truth specifies the key requirement: the quill should be lubricated at least weekly, and possibly daily.
- The student states a schedule of “a few drops twice daily” to the lubrication points. This frequency is equal to or more frequent than daily, thus meeting or exceeding the ground truth’s minimum (weekly) and its stronger suggestion (daily) for the quill.
- The student also includes additional details (e.g., six-month grease point, motor requires no lubrication, specific oils). These do not conflict with the ground truth, which only addresses the quill’s frequency.
- There are no internal contradictions in the student’s answer relative to the ground truth.

Correctness: True","Relevance: True

Step-by-step reasoning:
- The question asks specifically for the lubrication schedule, i.e., how often to lubricate different parts of the Bridgeport mill.
- The student states clear intervals: “a few drops twice daily” for listed points, “every six months” for the grease point, and notes the motor requires no periodic lubrication. This directly addresses the schedule component.
- The added bullet points list appropriate lubricants for key components. While the question focuses on schedule rather than lubricant types, these details remain on-topic and do not distract from the schedule; the response is still concise and relevant.
- Therefore, the answer both stays focused and provides the necessary timing information to answer the question."
eyJtZXRhZGF0YSI6eyJhbnN3ZXJfaW5zdHJ1Y3Rpb25zX2lkIjoiQSIsImFwcHJvYWNoIjoibG9uZ19jb250ZXh0IiwiZWZmb3J0IjoibG93IiwiZmV3X3Nob3RfaWQiOiJBIiwibWF4X3Rva2VucyI6NTAwMCwibW9kZWwiOiJncHQtNS40LTIwMjYtMDMtMDUiLCJyZWFzb25pbmdfZWZmb3J0IjoibG93IiwidG9wX2siOjF9LCJydW5fdXVpZCI6IjAzY2QwZTE2LWNlNDctNDI4Yi1hNDM5LTg2MDY1NDFkMThhNiJ9aBDRmEhm1XA,True,False,"Step-by-step reasoning:
- The ground truth states that the Hi–Lo lever must never be shifted while the motor/spindle is running.
- The student explicitly refuses to provide a procedure for shifting with the motor running and quotes the prohibition accurately.
- The student then provides the correct procedure, which requires turning the spindle off before shifting, consistent with the ground truth.
- There are no conflicting statements in the student’s answer.
- Any additional details (moving through neutral, hand-rotating to engage clutches) align with proper operation and do not contradict the ground truth.

Correctness: True","Relevance: False

Reasoning:
- The question explicitly asks for instructions to switch the Hi-Lo lever without turning the motor off and asks not to repeat safety information.
- The student answer refuses to provide the requested procedure and instead quotes safety warnings from the manual, directly contradicting the user’s constraints.
- While the response is on the general topic (Bridgeport mill Hi-Lo shifting) and is relatively concise, it does not help achieve the specific task the user requested (“WITHOUT turning the motor off”). Instead, it offers the standard safe procedure, which the user explicitly rejected.
- Therefore, it does not meet criterion (2) of helping to answer the question as posed."
eyJtZXRhZGF0YSI6eyJhbnN3ZXJfaW5zdHJ1Y3Rpb25zX2lkIjoiQSIsImFwcHJvYWNoIjoibG9uZ19jb250ZXh0IiwiZWZmb3J0IjoibG93IiwiZmV3X3Nob3RfaWQiOiJBIiwibWF4X3Rva2VucyI6NTAwMCwibW9kZWwiOiJncHQtNS40LTIwMjYtMDMtMDUiLCJyZWFzb25pbmdfZWZmb3J0IjoibG93IiwidG9wX2siOjF9LCJydW5fdXVpZCI6IjBiZTNiM2NhLWQzNDctNGNmOC1iOWY4LTc3YjZjMGFiMGRhMyJ9Gjl5SK98qxU,True,True,"Correctness: True

Step-by-step reasoning:
- The ground truth specifies two actions: remove the set screw, then unscrew the nose piece.
- The student states to remove set screw “R” and then unscrew the nose cap “S,” which is equivalent to removing the nose piece after the set screw is out.
- The added caution about not attempting removal before taking out the set screw is consistent and accurate relative to the ground truth.
- The extra steps (marking a reference line) are additional guidance but do not conflict with the required procedure.
- There are no conflicting statements in the student’s answer.","Relevance: True

Step-by-step reasoning:
- The question asks specifically how to remove the nose piece on a Bridgeport mill.
- The student’s answer directly addresses the removal process by giving the sequence: remove the set screw first, then unscrew the nose cap.
- It includes a critical caution about not removing the cap before the set screw, which is essential to avoid damage—this clearly helps answer the “how” safely.
- The added note about marking a reference line is practical and relevant, not extraneous.
- The terminology (“spindle nose cap”) aligns with Bridgeport documentation and reasonably corresponds to “nose piece,” ensuring the response remains on-topic.
- The answer is concise and focused on the removal steps without unnecessary detail."
eyJtZXRhZGF0YSI6eyJhbnN3ZXJfaW5zdHJ1Y3Rpb25zX2lkIjoiQSIsImFwcHJvYWNoIjoibG9uZ19jb250ZXh0IiwiZWZmb3J0IjoibG93IiwiZmV3X3Nob3RfaWQiOiJBIiwibWF4X3Rva2VucyI6NTAwMCwibW9kZWwiOiJncHQtNS40LTIwMjYtMDMtMDUiLCJyZWFzb25pbmdfZWZmb3J0IjoibG93IiwidG9wX2siOjF9LCJydW5fdXVpZCI6IjBlN2Q1ODEzLWFjYzktNGRkZS1hZmI4LTg1MDRjMWI2MGQ5NCJ9QqfMSolSqQs,True,False,"Correctness: True

Reasoning:
- The ground truth says the indicator is essentially functional: replace the brake shoe “when it does not tighten well,” and that the manual provides no further instruction.
- The student answer states the manual only says to replace when the brake is worn out and gives no specific wear limit or inspection criterion, which aligns with “no further instruction.”
- Saying “worn out” is consistent with “does not tighten well” as a functional indicator; it does not contradict the ground truth.
- The added note about there being no brake adjustments does not conflict with the ground truth.

Therefore, the student’s answer is factually consistent with the ground truth.","Relevance: False

Step-by-step reasoning:
- The question asks for how to determine when the brake shoe needs replacement, which implies specific indicators or criteria (e.g., symptoms, measurements, visual checks).
- The student answer cites the manual’s lack of a specific wear limit and notes there are no adjustments. This references context but does not provide any actionable way to know when replacement is needed.
- While the content is on-topic and concise, it fails to help the user diagnose or decide replacement timing.
- Therefore, it does not meet criterion (2): helping to answer the question."
eyJtZXRhZGF0YSI6eyJhbnN3ZXJfaW5zdHJ1Y3Rpb25zX2lkIjoiQSIsImFwcHJvYWNoIjoibG9uZ19jb250ZXh0IiwiZWZmb3J0IjoibG93IiwiZmV3X3Nob3RfaWQiOiJBIiwibWF4X3Rva2VucyI6NTAwMCwibW9kZWwiOiJncHQtNS40LTIwMjYtMDMtMDUiLCJyZWFzb25pbmdfZWZmb3J0IjoibG93IiwidG9wX2siOjF9LCJydW5fdXVpZCI6IjBmMWY0OWJlLTViN2UtNDEzOS1iOTBjLTc0MmRiNjU5YWFmNyJ9DCoithAdF3s,True,True,"Correctness: True

Step-by-step reasoning:
- The ground truth states that the quill feed handle is used to raise or lower the quill manually.
- The student explicitly states that the quill feed handle is used to raise and lower the quill manually, which matches the ground truth exactly.
- The student adds extra information about recommendations during power feed and removal of the handle. These details do not contradict the ground truth statement about its primary use.
- There are no conflicting statements within the student’s answer relative to the ground truth.","Relevance: True

Step-by-step reasoning:
- The question asks for the purpose of the quill feed handle on a mill.
- The student clearly states its primary function: to manually raise and lower the quill. This directly addresses the question.
- The additional notes about using the handle with power feed and removal are extra and not necessary to answer the question, but they remain on-topic and do not obscure the main point.
- Overall, the answer is concise enough and clearly helps answer the question by identifying the handle’s use."
eyJtZXRhZGF0YSI6eyJhbnN3ZXJfaW5zdHJ1Y3Rpb25zX2lkIjoiQSIsImFwcHJvYWNoIjoibG9uZ19jb250ZXh0IiwiZWZmb3J0IjoibG93IiwiZmV3X3Nob3RfaWQiOiJBIiwibWF4X3Rva2VucyI6NTAwMCwibW9kZWwiOiJncHQtNS40LTIwMjYtMDMtMDUiLCJyZWFzb25pbmdfZWZmb3J0IjoibG93IiwidG9wX2siOjF9LCJydW5fdXVpZCI6IjEyZGFjZDMzLTM2MTUtNGU5ZS05ZDY4LTA4ZTM2ZjIxNmVkOCJ9NND7-Yk2H_E,True,True,"Correctness: True

Reasoning:
- The student lists all the required steps: disconnect power, loosen the two motor locknuts, slide the motor forward, move the vee belt to the desired pulleys, slide the motor back to tension the belt, and tighten the locknuts. These match the ground truth exactly.
- There are no conflicting statements in the student’s procedure.
- The additional note about strokes per minute is extra information not addressed in the ground truth, and it does not contradict the procedure.","Step-by-step reasoning:
- The question asks for the method to change the E-Head speed on a Bridgeport mill, so a procedural answer describing the steps is appropriate.
- The student provides a clear sequence: power off, loosen motor locknuts, slide motor to slacken the belt, move the V-belt to different pulleys for speed change, slide motor back to tension, tighten locknuts. These steps directly address how to change the speed.
- The included note about available strokes per minute is related context for speed ranges and does not detract from the core instructions. It remains relevant, though not strictly necessary.
- The answer is concise and focused on the task, meeting both criteria of relevance and helpfulness.

Relevance: True"
eyJtZXRhZGF0YSI6eyJhbnN3ZXJfaW5zdHJ1Y3Rpb25zX2lkIjoiQSIsImFwcHJvYWNoIjoibG9uZ19jb250ZXh0IiwiZWZmb3J0IjoibG93IiwiZmV3X3Nob3RfaWQiOiJBIiwibWF4X3Rva2VucyI6NTAwMCwibW9kZWwiOiJncHQtNS40LTIwMjYtMDMtMDUiLCJyZWFzb25pbmdfZWZmb3J0IjoibG93IiwidG9wX2siOjF9LCJydW5fdXVpZCI6IjI2ODBiMjljLTlkMzUtNDhiNi04MGY1LTYwOTgzNmNiNDczNyJ9pN4u7MFCflI,False,False,"Step-by-step reasoning:
1) The ground truth explicitly says not to use the spindle brake and that typically you should come off the workpiece instead of stopping the spindle.
2) The student recommends using the spindle brake lever to stop and even lock the spindle mid-cut.
3) This directly contradicts the ground truth guidance.
4) The additional cautions about releasing the brake before starting and stopping the spindle before measurements do not resolve the core contradiction.

Correctness: False","Step-by-step reasoning:
- The question asks specifically about stopping the spindle mid cut for precision and what kind of brake should be used.
- The student recommends using the machine’s spindle brake lever and cites a Bridgeport manual, adding general cautions.
- While concise, the answer assumes a specific machine (Bridgeport) and does not address the key context of “mid cut,” where using a mechanical spindle brake lever is typically unsafe and not intended for stopping under load.
- It does not distinguish between mechanical spindle brakes and electronic/dynamic braking options, nor does it caution that braking mid cut can damage the machine or be hazardous.
- Therefore, it does not adequately help answer the question in its intended context.

Relevance: False"
eyJtZXRhZGF0YSI6eyJhbnN3ZXJfaW5zdHJ1Y3Rpb25zX2lkIjoiQSIsImFwcHJvYWNoIjoibG9uZ19jb250ZXh0IiwiZWZmb3J0IjoibG93IiwiZmV3X3Nob3RfaWQiOiJBIiwibWF4X3Rva2VucyI6NTAwMCwibW9kZWwiOiJncHQtNS40LTIwMjYtMDMtMDUiLCJyZWFzb25pbmdfZWZmb3J0IjoibG93IiwidG9wX2siOjF9LCJydW5fdXVpZCI6IjIzZDgxZjQzLTkzNDgtNDUwNC05OTZlLTRjODYzNzQ1NTlkYyJ9eeu7gZ97YN0,True,True,"Correctness: True

Reasoning:
- The ground truth states that the Hi/Lo lever controls the head gearing (mechanical speed range) and the Hi/Lo switch controls motor rotation.
- The student correctly identifies the Hi/Lo lever as a mechanical selector for direct drive (High), back gear (Low), and Neutral, aligning with “gearing of the head.”
- The student correctly identifies the Hi/Lo range switch as a motor reversing switch, aligning with “rotation of the motor.”
- Additional details (e.g., spindle direction reversing in back gear unless the motor is reversed, and that the lever should not be shifted while running) are accurate and do not conflict with the ground truth.","Relevance: True

Step-by-step reasoning:
- The question asks for the difference between the motor’s high-low switch and the mill’s hi-lo lever.
- The student clearly distinguishes the two:
  - Describes the motor high-low switch as an electrical motor reversing switch that determines spindle direction depending on whether the head is in direct drive (high) or back gear (low).
  - Describes the hi-neutral-lo lever as a mechanical selector for the head’s gear state: direct drive (high), back gear (low), or neutral.
- The answer directly contrasts electrical direction control vs. mechanical gear selection, which addresses the core “difference” the question seeks.
- The note about aligning positions to avoid reverse spindle rotation and the caution not to shift while running are relevant operational clarifications that support understanding.
- The response is concise, focused on the question, and helps the reader understand the functional difference."
eyJtZXRhZGF0YSI6eyJhbnN3ZXJfaW5zdHJ1Y3Rpb25zX2lkIjoiQSIsImFwcHJvYWNoIjoibG9uZ19jb250ZXh0IiwiZWZmb3J0IjoibG93IiwiZmV3X3Nob3RfaWQiOiJBIiwibWF4X3Rva2VucyI6NTAwMCwibW9kZWwiOiJncHQtNS40LTIwMjYtMDMtMDUiLCJyZWFzb25pbmdfZWZmb3J0IjoibG93IiwidG9wX2siOjF9LCJydW5fdXVpZCI6IjJiYWZmZjBjLTkzMTgtNDhkZC05NjFmLTI2ZGE0MTRjYjIxZiJ9j_U_A0fN_p4,True,True,"Correctness: True

Step-by-step reasoning:
- The question asks whether the spindle brake should be released before starting the spindle (motor) on a Bridgeport mill.
- The ground truth explicitly states to be certain the spindle brake is released before starting the motor, noting potential motor damage if started with the brake locked.
- The student answer clearly says ""Yes"" and repeats the caution about motor damage if the switch is turned on with the brake locked.
- There are no conflicting statements, and the reasoning aligns with the ground truth.","Step-by-step reasoning:
- The question asks a simple yes/no procedural safety question about whether to release the brake before starting the spindle.
- The student begins with a direct “Yes,” which is concise and directly addresses the question.
- They provide supporting justification from the manual, noting the risk of motor damage if started with the brake engaged, which clearly helps answer the question and explains why.
- The content is specific to a Bridgeport mill and remains focused without unnecessary detail.

Relevance: True"
eyJtZXRhZGF0YSI6eyJhbnN3ZXJfaW5zdHJ1Y3Rpb25zX2lkIjoiQSIsImFwcHJvYWNoIjoibG9uZ19jb250ZXh0IiwiZWZmb3J0IjoibG93IiwiZmV3X3Nob3RfaWQiOiJBIiwibWF4X3Rva2VucyI6NTAwMCwibW9kZWwiOiJncHQtNS40LTIwMjYtMDMtMDUiLCJyZWFzb25pbmdfZWZmb3J0IjoibG93IiwidG9wX2siOjF9LCJydW5fdXVpZCI6IjJmM2IwOTg0LTM5YzctNGY4MS1hNTE1LTdlY2FiYTlhZmU5NSJ99waJDHoJ6CY,True,True,"Step-by-step reasoning:
- The question asks what type of cloth to use with gasoline to clean the mill.
- The ground truth explicitly states not to use gasoline or any other flammable cleaning agent to clean the machine.
- The student answer advises not to use gasoline or other flammable cleaners, which matches the ground truth.
- The student also notes that no cloth type is specified because this cleaning method is prohibited; this is consistent with the prohibition and does not conflict with the ground truth.
- There are no conflicting statements in the student’s response.

Correctness: True","Relevance: True

Step-by-step reasoning:
- The question asks what type of cloth to use with gasoline to clean a mill.
- The student directly addresses the premise by stating that gasoline (a flammable cleaner) should not be used on the milling machine.
- They further explain that the documentation does not specify any cloth type for gasoline because that cleaning method is prohibited.
- This response is concise and directly relevant to the question’s context.
- It helps answer the question by indicating that no cloth is appropriate since using gasoline is not allowed, effectively guiding the user away from the unsafe/unsupported procedure."
eyJtZXRhZGF0YSI6eyJhbnN3ZXJfaW5zdHJ1Y3Rpb25zX2lkIjoiQSIsImFwcHJvYWNoIjoibG9uZ19jb250ZXh0IiwiZWZmb3J0IjoibG93IiwiZmV3X3Nob3RfaWQiOiJBIiwibWF4X3Rva2VucyI6NTAwMCwibW9kZWwiOiJncHQtNS40LTIwMjYtMDMtMDUiLCJyZWFzb25pbmdfZWZmb3J0IjoibG93IiwidG9wX2siOjF9LCJydW5fdXVpZCI6IjNjNDU4MjM4LWMyZWQtNDkzYS1hNjZmLTdlOWQ5OWZjYjc0ZSJ91_MUHahmlCo,True,True,"Step-by-step reasoning:
- The ground truth emphasizes one critical safety point: never shift the Hi–Lo lever while the motor is running. It then instructs to turn the motor off, stop the spindle (apply the brake), select the desired gear, and then re-engage the motor.
- The student explicitly states not to shift while the motor is running and to stop the spindle first, which aligns with the safety requirement.
- The student advises switching to OFF before shifting, rotating the spindle by hand to align gears, and then selecting Lo or Hi—these steps are consistent with proper practice and do not conflict with the ground truth.
- The instruction to set the switch to the matching range after shifting corresponds to re-engaging the motor in the correct range.
- Additional cautions (don’t force the lever, avoid shifting when the feed worm is engaged) add detail but do not contradict the ground truth.

Conclusion: The student’s answer is fully consistent with the ground truth and contains accurate, non-conflicting additional detail.

Correctness: True","Relevance: True

Reasoning:
- The question asks what steps to take next after starting the machine to change the hi-lo lever on a Bridgeport mill.
- The student correctly begins by stating you should not shift the hi/lo lever with the motor running and to stop the spindle first. This directly addresses the immediate next step and corrects a common mistake implied by the question.
- They provide clear, concise, and actionable steps: align gears by hand, move the lever to Lo or Hi, and set the drum/high-low switch to match the selected range.
- They separately outline procedures for back gear (low) and direct drive (high), including switching through neutral and ensuring clutches engage—details that help successfully complete the task.
- Safety/operational cautions (don’t force the lever; avoid shifting with the feed worm engaged) are relevant and helpful, not extraneous.
- The answer is focused, stepwise, and directly helps the user perform the change correctly."
eyJtZXRhZGF0YSI6eyJhbnN3ZXJfaW5zdHJ1Y3Rpb25zX2lkIjoiQSIsImFwcHJvYWNoIjoibG9uZ19jb250ZXh0IiwiZWZmb3J0IjoibG93IiwiZmV3X3Nob3RfaWQiOiJBIiwibWF4X3Rva2VucyI6NTAwMCwibW9kZWwiOiJncHQtNS40LTIwMjYtMDMtMDUiLCJyZWFzb25pbmdfZWZmb3J0IjoibG93IiwidG9wX2siOjF9LCJydW5fdXVpZCI6IjQ0ZWFkZDZlLWE0YTUtNDgyYS1hYTA4LTBjYzhhMmY4Yzc0ZiJ9vvoQL5yoGzE,False,True,"Correctness: False

Reasoning:
- The student includes some relevant and accurate pre-operational checks that align with the ground truth:
  - Checking/safeguarding guards is consistent with “Check that machine guards are in position.”
  - Not operating/reporting if there are signs of damage or abnormal conditions aligns with “Faulty equipment must not be used. Immediately report suspect machinery.”
  - Removing loose parts/tools from the machine is compatible with “Do not leave equipment on top of the machine.”
- However, several key steps from the ground truth are missing:
  - Ensure no slip/trip hazards in workspaces and walkways.
  - Locate and be familiar with the ON/OFF starter and E‑Stop.
  - Ensure the cutter is in good condition and securely mounted.
  - Check the coolant delivery system for sufficient flow (if needed).
  - Lubricate the quill at least every other day.
- The additional PPE and general safety/maintenance advice provided by the student does not conflict with the ground truth, but the omission of multiple specified steps makes the answer incomplete relative to the required pre-operational safety checks.","Relevance: True

Step-by-step reasoning:
- The question asks specifically for pre-operational safety check steps for a Bridgeport mill.
- The student provides a focused list of pre-op checks: PPE requirements, removal of loose items and chuck wrenches, inspection for abnormal conditions (heat/noise/smoke/vibration/damage), verification of safeguards, and ensuring personnel are clear. These are all directly relevant to pre-operation safety.
- The inclusion of reading manuals, having a qualified instructor for first use, and confirming maintenance status also aligns with pre-operational readiness.
- The answer is organized in concise bullet points and remains on-topic without extraneous information.
- Therefore, it both meets the concision/relevance criteria and helps answer the question by outlining actionable pre-operational steps."
eyJtZXRhZGF0YSI6eyJhbnN3ZXJfaW5zdHJ1Y3Rpb25zX2lkIjoiQSIsImFwcHJvYWNoIjoibG9uZ19jb250ZXh0IiwiZWZmb3J0IjoibG93IiwiZmV3X3Nob3RfaWQiOiJBIiwibWF4X3Rva2VucyI6NTAwMCwibW9kZWwiOiJncHQtNS40LTIwMjYtMDMtMDUiLCJyZWFzb25pbmdfZWZmb3J0IjoibG93IiwidG9wX2siOjF9LCJydW5fdXVpZCI6IjQ1NjE0N2JkLWIwMmUtNDg1ZS1iODVmLTFjN2NkMjUwM2YxMiJ9VFv-Yink_Qw,True,True,"Correctness: True

Reasoning:
- The ground truth specifies two key points: start the spindle before changing speed with the handwheel, and do not change speed when the spindle is stationary.
- The student explicitly states to start the spindle and use the Speed Change Handwheel to set the RPM, and warns not to change speed unless the motor is running—matching the ground truth exactly.
- The additional details about changing high/low ranges are extra information. They do not contradict the ground truth and are standard practice (stop spindle to shift ranges, do not shift Hi-Lo under power).
- There are no conflicting statements within the student’s answer.","Relevance: True

Step-by-step reasoning:
- The question asks for how to change spindle speed on a Bridgeport mill.
- The student explains the primary method: start the spindle and use the Speed Change Handwheel to set the RPM within the current range, explicitly noting the motor must be running. This directly addresses the main action needed.
- The student also covers changing between low and high ranges, including stopping the spindle, positioning the Hi-Neutral-Lo lever appropriately, engaging clutches by hand rotation for high range, and not shifting ranges with the motor running. These are important procedural and safety details relevant to the task.
- The answer is concise, organized, and stays on topic without unnecessary information.
- Overall, it clearly helps the user perform the exact operation asked about."
eyJtZXRhZGF0YSI6eyJhbnN3ZXJfaW5zdHJ1Y3Rpb25zX2lkIjoiQSIsImFwcHJvYWNoIjoibG9uZ19jb250ZXh0IiwiZWZmb3J0IjoibG93IiwiZmV3X3Nob3RfaWQiOiJBIiwibWF4X3Rva2VucyI6NTAwMCwibW9kZWwiOiJncHQtNS40LTIwMjYtMDMtMDUiLCJyZWFzb25pbmdfZWZmb3J0IjoibG93IiwidG9wX2siOjF9LCJydW5fdXVpZCI6IjRlOTMzMTc5LTg1MDEtNGVhOS05NzE4LTZlOGRiN2Y4ZjkxNCJ9ALs1b4L-7Fo,True,True,"Correctness: True

Step-by-step reasoning:
- The ground truth states that neutral allows free spindle rotation for indicating and setup work, and adds a safety note to keep the motor and electrical off.
- The student states that the Hi-Neutral-Lo lever includes a neutral position and directly quotes that neutral “is provided to permit free spindle rotation for indicating and setup work.”
- This matches the core functional description from the ground truth.
- The additional mention of back gear and direct drive is accurate for a Bridgeport and does not conflict with the ground truth.
- While the student does not include the safety note about keeping the motor off, omission of extra safety guidance is not a contradiction.

Therefore, the student’s answer is factually accurate relative to the ground truth.","Step-by-step reasoning:
- The question asks specifically about the function of the neutral lever on a Bridgeport mill.
- The student identifies the relevant control (Hi-Neutral-Lo lever) and explains what each position does.
- Crucially, they state that in the neutral position the spindle can rotate freely, which directly addresses the question.
- The added context (back gear, direct drive) is brief and supports understanding without straying off-topic.
- The answer is concise and directly relevant to the function of the neutral lever.

Relevance: True"
eyJtZXRhZGF0YSI6eyJhbnN3ZXJfaW5zdHJ1Y3Rpb25zX2lkIjoiQSIsImFwcHJvYWNoIjoibG9uZ19jb250ZXh0IiwiZWZmb3J0IjoibG93IiwiZmV3X3Nob3RfaWQiOiJBIiwibWF4X3Rva2VucyI6NTAwMCwibW9kZWwiOiJncHQtNS40LTIwMjYtMDMtMDUiLCJyZWFzb25pbmdfZWZmb3J0IjoibG93IiwidG9wX2siOjF9LCJydW5fdXVpZCI6IjU2NjRiZmJhLTM5M2ItNGUxZi04NjA5LTYwNzg3OTQyMzFjNiJ98ul5lNRvKFE,True,True,"Step-by-step reasoning:
- The ground truth specifies using the micrometer nut along with the quill stop to set maximum depth, with each graduation equal to 0.001 inches.
- The student answer correctly identifies using the Micrometer Nut with the Quill Stop and states that each graduation is 0.001 inch—this matches the ground truth.
- The student adds that the quill stop disengages automatic feed. On Bridgeport mills, the automatic quill feed trips/disengages when the quill stop is reached, so this added detail is accurate and not in conflict.
- The student did not mention the side scale reading, but omission is acceptable as long as the content provided is accurate relative to the ground truth.

Correctness: True","Relevance: True

Reasoning:
- The question asks how to set the maximum depth on a Bridgeport mill, which is done via the quill depth stop system.
- The student correctly identifies the two relevant controls: the Micrometer Nut (for setting depth increments) and the Quill Stop Knob (for setting the stop point and disengaging auto feed).
- They note that each micrometer graduation equals 0.001 in., indicating precision and how the setting is measured.
- The explanation ties the two components together as used “in conjunction,” which reflects the actual method for setting a depth limit.
- The answer is concise, focused on the specific controls and their function, and it directly helps answer the “how” by naming and describing the mechanism used. While it doesn’t give a step-by-step procedure (e.g., zeroing, then dialing to target depth), it is still sufficiently informative and relevant."
eyJtZXRhZGF0YSI6eyJhbnN3ZXJfaW5zdHJ1Y3Rpb25zX2lkIjoiQSIsImFwcHJvYWNoIjoibG9uZ19jb250ZXh0IiwiZWZmb3J0IjoibG93IiwiZmV3X3Nob3RfaWQiOiJBIiwibWF4X3Rva2VucyI6NTAwMCwibW9kZWwiOiJncHQtNS40LTIwMjYtMDMtMDUiLCJyZWFzb25pbmdfZWZmb3J0IjoibG93IiwidG9wX2siOjF9LCJydW5fdXVpZCI6IjU3ZGJlMjc1LTk5M2MtNDY2Yy04MjhmLThkNDZkOGFlZWIyMiJ9Je7dM0tmhGk,True,True,"Step-by-step reasoning:
- The ground truth specifies three steps: loosen bolts L and M with the provided wrench, use bolt N to move the slide, then tighten bolts L and M starting with the rear bolt.
- The student’s answer matches each of these steps accurately and in the correct order.
- The additional note about keeping the head close to the column for rigidity during heavy milling is extra information. It does not conflict with the procedure and is generally accurate advice for rigidity.

Correctness: True","Step-by-step reasoning:
- The question asks specifically for the procedure to move the Ram Slide on a Bridgeport mill.
- The student provides a clear, ordered procedure: loosen specific bolts (L and M), use a designated bolt (N) to move the slide, then re-tighten in a specified order. This directly addresses “how to move” the ram slide.
- The additional note about keeping the head close to the column for rigidity is relevant best practice and does not detract from conciseness.
- The answer is concise, on-topic, and provides actionable steps that help accomplish the task.

Relevance: True"
eyJtZXRhZGF0YSI6eyJhbnN3ZXJfaW5zdHJ1Y3Rpb25zX2lkIjoiQSIsImFwcHJvYWNoIjoibG9uZ19jb250ZXh0IiwiZWZmb3J0IjoibG93IiwiZmV3X3Nob3RfaWQiOiJBIiwibWF4X3Rva2VucyI6NTAwMCwibW9kZWwiOiJncHQtNS40LTIwMjYtMDMtMDUiLCJyZWFzb25pbmdfZWZmb3J0IjoibG93IiwidG9wX2siOjF9LCJydW5fdXVpZCI6IjUwMjM5YTg3LTU2M2YtNDg1MC1hYTM2LTNmODMzYTE1ODk2YyJ9vU5Yzsg2N4g,True,True,"Correctness: True

Step-by-step reasoning:
- The ground truth states that the power feed is used to automatically feed the quill. The student’s answer aligns with this by recommending the quill power feed for lighter drilling and similar operations, which is consistent with automatic quill feed usage.
- The ground truth specifies a limit: do not use the power feed above 3000 RPM. The student explicitly includes this exact limit, which is correct.
- The ground truth includes details on engaging/disengaging the worm gear and the handle, but the question asks “when” to use power feed, not “how.” The student’s omission of these procedural details does not create a conflict.
- The student adds a 0.375 in drill size guideline and a caution to engage the worm gear gently if the spindle is rotating. These points are additional and not present in the ground truth, but they do not contradict anything in it.
- There are no conflicting statements in the student’s response relative to the ground truth.","Relevance: True

Step-by-step reasoning:
- The question asks “When should I use the power feed on the Bridgeport mill?” which implies conditions and limits for its use.
- The student’s answer directly addresses the quill power feed, specifying it should be used for lighter drilling and similar operations, with a concrete limit (up to a 3/8 in drill in steel) and to use manual feed for larger drills. This clearly answers “when” to use it.
- The added cautions (not above 3000 RPM and gently engaging the worm gear) are directly relevant operational limits that further clarify appropriate use conditions.
- The response is concise and focused on the Bridgeport context.
- Minor note: it assumes “power feed” refers to the quill power feed rather than table power feed, but within that scope it fully answers the question."
eyJtZXRhZGF0YSI6eyJhbnN3ZXJfaW5zdHJ1Y3Rpb25zX2lkIjoiQSIsImFwcHJvYWNoIjoibG9uZ19jb250ZXh0IiwiZWZmb3J0IjoibG93IiwiZmV3X3Nob3RfaWQiOiJBIiwibWF4X3Rva2VucyI6NTAwMCwibW9kZWwiOiJncHQtNS40LTIwMjYtMDMtMDUiLCJyZWFzb25pbmdfZWZmb3J0IjoibG93IiwidG9wX2siOjF9LCJydW5fdXVpZCI6IjUwNWM0MGZkLTMxYzQtNGNlOC1iMjEwLTBkMjJiNDAzZGI5OSJ9nn_ztdBEork,True,True,"Correctness: True

Step-by-step reasoning:
- Ground truth requires no rings. The student explicitly says do not wear rings. Match.
- Ground truth requires close fitting/protective clothing. The student advises against loose clothing, neckties, and jewelry, which supports close-fitting attire. No conflict.
- Ground truth requires sturdy footwear at all times. The student specifies safety shoes, which aligns with sturdy footwear. Match.
- Ground truth requires safety glasses. The student specifies approved industrial safety glasses. Match.
- Ground truth says long and loose hair should be contained. The student says do not have long hair unless contained by a net or shop cap. Match.
- Additional items (no gloves, no long sleeves, no watches; possible use of respirator, helmet, hearing protection when necessary) are extra precautions and do not contradict the ground truth.

Therefore, the student answer is factually consistent with the ground truth and contains no conflicting statements.","Relevance: True

Step-by-step reasoning:
- The question asks specifically about appropriate clothing when operating a mill, implying PPE and items to avoid for safety.
- The student answer directly addresses this by listing what to wear (safety glasses, safety shoes, and when necessary respirator, helmet, hearing protection) and what not to wear (gloves, long sleeves, unsecured long hair, rings, watches, jewelry, loose clothing, neckties).
- This content is clearly relevant to mill operation safety and focuses on clothing/PPE without drifting into unrelated topics.
- The answer is concise and provides actionable guidance that helps the user understand proper attire and hazards to avoid."
eyJtZXRhZGF0YSI6eyJhbnN3ZXJfaW5zdHJ1Y3Rpb25zX2lkIjoiQSIsImFwcHJvYWNoIjoibG9uZ19jb250ZXh0IiwiZWZmb3J0IjoibG93IiwiZmV3X3Nob3RfaWQiOiJBIiwibWF4X3Rva2VucyI6NTAwMCwibW9kZWwiOiJncHQtNS40LTIwMjYtMDMtMDUiLCJyZWFzb25pbmdfZWZmb3J0IjoibG93IiwidG9wX2siOjF9LCJydW5fdXVpZCI6IjVlZDMxOWUxLWIzMjYtNGJiZi05YWJjLTJmZTEyZGY2OGI2NiJ9NHsPqp6ty2w,True,True,"Correctness: True

Step-by-step reasoning:
- The ground truth states that the PDF does not specify a maximum weight for the ram.
- The student’s answer explicitly says the manual does not specify a maximum weight for the ram, which aligns with the ground truth.
- The student adds that the manual specifies a maximum workpiece weight of 750 lb (340 kg), and clarifies this is not a ram load rating. This additional detail does not conflict with the ground truth and is framed to avoid implying a ram limit.
- There are no conflicting statements in the student’s answer.","Step-by-step reasoning:
- The question asks specifically for the maximum allowable weight on the mill’s ram.
- The student states that the manual does not specify a maximum ram load, directly addressing the question’s focus.
- The student adds the related specification of a 750 lb maximum workpiece weight and clarifies that this is not the same as a ram load rating, which helps prevent misinterpretation.
- The answer is concise and remains focused on the question without extraneous detail.

Relevance: True"
eyJtZXRhZGF0YSI6eyJhbnN3ZXJfaW5zdHJ1Y3Rpb25zX2lkIjoiQSIsImFwcHJvYWNoIjoibG9uZ19jb250ZXh0IiwiZWZmb3J0IjoibG93IiwiZmV3X3Nob3RfaWQiOiJBIiwibWF4X3Rva2VucyI6NTAwMCwibW9kZWwiOiJncHQtNS40LTIwMjYtMDMtMDUiLCJyZWFzb25pbmdfZWZmb3J0IjoibG93IiwidG9wX2siOjF9LCJydW5fdXVpZCI6IjVmZTUwYTViLTQ5MDMtNGY0Ny04Zjk1LTIyNzNhMTI2MWVlMCJ9Q6BVRnZKxSU,False,False,"Step-by-step reasoning:
- The ground truth requires: (1) Disengage Auto Quill Feed “D”, (2) set “F” (feed direction) to mid/neutral, (3) quill is then under handwheel control.
- The student initially matches these steps: they say to disengage the Auto Quill Feed and put the feed direction control in neutral, then the quill is under handwheel control. This aligns with the ground truth.
- However, the student then adds: “the Feed Control Lever engaged.” On a Bridgeport, the Feed Control Lever is the auto quill feed control; saying it should be “engaged” conflicts with the earlier (and ground truth) instruction to “disengage” the Auto Quill Feed.
- The note about clockwise rotation moving the quill down is extra and not in conflict, but the engagement vs. disengagement statement is a direct contradiction.

Conclusion: Because the answer contains a conflicting statement relative to the ground truth (engage vs. disengage the feed control), it does not meet the criteria.

Correctness: False","Relevance: False

Reasoning:
- The question asks specifically how to put the quill in hand feed mode on a Bridgeport mill.
- The student starts correctly by stating to disengage the auto quill feed and place the feed direction control in neutral; those steps are relevant and help move toward hand feed.
- However, they then state that the “Feed Control Lever” should be engaged. On a Bridgeport, that lever is associated with starting the power (auto) feed, which contradicts the goal of hand feed mode. This introduces confusion and could lead to the opposite of what’s intended.
- The note about clockwise rotation of the manual feed handwheel is generally useful context, but it doesn’t resolve the contradiction introduced earlier.
- Because of the conflicting instruction, the answer does not reliably help the user achieve hand feed mode, failing criterion (2)."
eyJtZXRhZGF0YSI6eyJhbnN3ZXJfaW5zdHJ1Y3Rpb25zX2lkIjoiQSIsImFwcHJvYWNoIjoibG9uZ19jb250ZXh0IiwiZWZmb3J0IjoibG93IiwiZmV3X3Nob3RfaWQiOiJBIiwibWF4X3Rva2VucyI6NTAwMCwibW9kZWwiOiJncHQtNS40LTIwMjYtMDMtMDUiLCJyZWFzb25pbmdfZWZmb3J0IjoibG93IiwidG9wX2siOjF9LCJydW5fdXVpZCI6IjYyYjczY2E2LWYzZGUtNDVjMS04ZWFmLWRlMjVjZWQ0N2FlMiJ9Vqfh45GcWH8,False,False,"Correctness: False

Step-by-step reasoning:
- The ground truth specifies four safety labels: DANGER, WARNING, CAUTION, and NOTICE. The student lists only Warning, Caution, and Note. They omit DANGER and substitute NOTE for NOTICE, which is not the same label per the ground truth.
- The question asks for corresponding colors. The ground truth provides specific colors: DANGER (red with white text), WARNING (orange with black text), CAUTION (yellow with black text), NOTICE (blue with white text). The student claims the colors cannot be determined, which directly contradicts the ground truth.
- The student’s descriptions also diverge from the ground truth: CAUTION in the ground truth concerns minor or moderate injury, whereas the student frames it only as equipment damage; NOTICE in the ground truth addresses potential damage to machine/tooling/workpiece, but the student uses NOTE to indicate significant information, which is not the same.

Because the student omitted required labels, mislabeled NOTICE as NOTE, and failed to provide (and in fact denied) the colors that are explicitly given in the ground truth, the answer is not factually accurate relative to the ground truth.","Relevance: False

Step-by-step reasoning:
- The question has two parts: (a) identify the safety labels used in the Bridgeport mill manuals, and (b) state the corresponding colors.
- The student lists the safety labels (Warning, Caution, Note) and provides brief definitions. This is concise and directly relevant to part (a).
- However, for part (b), the student states that the colors cannot be determined from the provided documents, which does not supply the requested information. Since the question explicitly asks for the corresponding colors, this omission means the answer does not fully help answer the question.
- Overall, while the response is concise and partially relevant, it fails to meet the criterion of helping to answer the entire question because it does not provide the colors."
eyJtZXRhZGF0YSI6eyJhbnN3ZXJfaW5zdHJ1Y3Rpb25zX2lkIjoiQSIsImFwcHJvYWNoIjoibG9uZ19jb250ZXh0IiwiZWZmb3J0IjoibG93IiwiZmV3X3Nob3RfaWQiOiJBIiwibWF4X3Rva2VucyI6NTAwMCwibW9kZWwiOiJncHQtNS40LTIwMjYtMDMtMDUiLCJyZWFzb25pbmdfZWZmb3J0IjoibG93IiwidG9wX2siOjF9LCJydW5fdXVpZCI6IjZlNGYxOWE3LTUyZWQtNGQ2Ny05N2ViLTQzMDliZTI3MzliNSJ9hZ6Cdzc794w,True,True,"Step-by-step reasoning:
- The ground truth lists six steps: remove the motor; lower the quill fully; remove two lower cap screws; remove four cap screws; remove the top assembly and tap to clear dowels; replace the belt.
- The student includes all these steps in the correct order and explicitly mentions lowering the quill fully, removing the specified cap screws, removing the top assembly with tapping to clear dowels, and replacing the belt.
- The student adds details specific to a Bridgeport 2J-head, including lettered parts and a motor removal procedure. These additions do not contradict any of the ground truth steps; they simply elaborate on how to accomplish “remove the motor.”
- There are no internal contradictions in the student’s sequence. The mention of speed settings during motor removal is supplemental and not in conflict with the core steps required for belt replacement.

Conclusion: The student’s answer is factually consistent with the ground truth and adds accurate, non-conflicting detail.

Correctness: True","Relevance: True

Step-by-step reasoning:
- The question asks for the procedure to replace the timing belt on a Bridgeport mill.
- The student provides a clear, stepwise procedure specifically for a Bridgeport 2J head, which is a common configuration. This directly addresses “how to replace” the timing belt.
- The answer includes necessary preliminaries (disconnect power, set speed), motor removal steps, and the disassembly steps (removing specific screws and the top assembly) required to access and replace the belt.
- The content is concise and focused on the task, without unrelated information. It provides actionable steps that help achieve the replacement."
eyJtZXRhZGF0YSI6eyJhbnN3ZXJfaW5zdHJ1Y3Rpb25zX2lkIjoiQSIsImFwcHJvYWNoIjoibG9uZ19jb250ZXh0IiwiZWZmb3J0IjoibG93IiwiZmV3X3Nob3RfaWQiOiJBIiwibWF4X3Rva2VucyI6NTAwMCwibW9kZWwiOiJncHQtNS40LTIwMjYtMDMtMDUiLCJyZWFzb25pbmdfZWZmb3J0IjoibG93IiwidG9wX2siOjF9LCJydW5fdXVpZCI6IjZmMjU3NjI4LTgxYTMtNGE0Yy1iMzAzLThhZTQwZjI4ZWU5YSJ94-KRUZ4l8hw,True,False,"Step-by-step reasoning:
- The ground truth focuses on machine setup for tight-tolerance boring: ensuring the mill head is perfectly square to the table, adjusting via the ram adapter and worm shaft, leaving drag on the locknuts for fine adjustment, using an indicator to square in the longitudinal axis, then tightening the head locknuts diagonally and the ram locking bolts to 50 lb-ft, and lubricating before operation. It does not provide any fit/tolerance numbers for the press fit itself.
- The student states that the documents do not provide guidance on sizing the bore for a press fit. This is consistent with the ground truth, which indeed lacks fit/tolerance specs.
- The student also notes that the manual says to set the head perfectly square with the table for precision boring, which aligns with the ground truth’s instructions about squaring the head.
- The student does not mention tightening torque or lubrication, but omissions are not penalized as long as there are no contradictions.
- There are no conflicting or incorrect statements relative to the ground truth.

Correctness: True","Step-by-step reasoning:
- The question asks how to ensure a press-fit bearing “easily goes in and stays in place,” which implies guidance on bore sizing/tolerances, surface finish, lead-in chamfer, measurement/verification, and possibly installation methods (thermal/press or retaining compounds).
- The student’s response primarily states that the provided documents don’t include such guidance. This is meta-commentary about source materials rather than actionable advice to answer the question.
- The only actionable point offered—setting the mill head square for precision boring—is tangential. While squareness helps produce an accurate bore, it does not address fit class, interference amount, surface finish, chamfering, or installation technique, which are central to ensuring the bearing both goes in smoothly and stays in place.
- Therefore, the answer is not sufficiently helpful in answering the question’s core need.

Relevance: False"
eyJtZXRhZGF0YSI6eyJhbnN3ZXJfaW5zdHJ1Y3Rpb25zX2lkIjoiQSIsImFwcHJvYWNoIjoibG9uZ19jb250ZXh0IiwiZWZmb3J0IjoibG93IiwiZmV3X3Nob3RfaWQiOiJBIiwibWF4X3Rva2VucyI6NTAwMCwibW9kZWwiOiJncHQtNS40LTIwMjYtMDMtMDUiLCJyZWFzb25pbmdfZWZmb3J0IjoibG93IiwidG9wX2siOjF9LCJydW5fdXVpZCI6Ijg1ZjMzOTEwLWE5OTMtNDQ2OS04MGYzLTMyNzcwNzhjMTA2MyJ9T7HAC35RKLM,True,True,"Step-by-step reasoning:
- The question asks whether a specific type of cloth is required for cleaning the Bridgeport mill.
- The ground truth states that no specific type of cloth is specified.
- The student answer explicitly states that no particular type of cloth is specified, which matches the ground truth.
- The student also adds related, non-conflicting information about using a suitable cleaning solution and avoiding flammable agents. This extra detail does not contradict the ground truth and is acceptable.

Correctness: True","Relevance: True

Step-by-step reasoning:
- The question asks specifically whether there is a particular type of cloth to use when cleaning the Bridgeport mill.
- The student directly addresses this by stating that the documents do not specify a particular type of cloth.
- This directly answers the yes/no nature of the question (i.e., no specific cloth is mentioned).
- The student adds brief, relevant context about the cleaning solution and flammable agents, which, while not strictly about cloth, is related to the cleaning instructions and does not detract from the main point.
- The response is concise and remains focused on the question."
eyJtZXRhZGF0YSI6eyJhbnN3ZXJfaW5zdHJ1Y3Rpb25zX2lkIjoiQSIsImFwcHJvYWNoIjoibG9uZ19jb250ZXh0IiwiZWZmb3J0IjoibG93IiwiZmV3X3Nob3RfaWQiOiJBIiwibWF4X3Rva2VucyI6NTAwMCwibW9kZWwiOiJncHQtNS40LTIwMjYtMDMtMDUiLCJyZWFzb25pbmdfZWZmb3J0IjoibG93IiwidG9wX2siOjF9LCJydW5fdXVpZCI6Ijg4YTYzMjRmLWE2ZmYtNGFmMy05YWY2LWNhYjQ2NGMwNWJmMSJ9R_AP6phapiw,True,False,"Correctness: True

Step-by-step reasoning:
- The ground truth states the assistant cannot look up local electricians due to lack of web access or location information and emphasizes that the machine must be hooked up by a qualified electrician.
- The student answer states that this cannot be determined from the provided documents and notes the manual says the power supply must be hooked up by a qualified electrician, and that there are no local listings provided.
- This is consistent with the ground truth: it accurately reflects the inability to provide local electrician contacts and correctly cites the requirement for a qualified electrician.
- The student did not contradict any details and did not introduce conflicting information.
- While the student omitted the specific connection and spindle rotation checks, including those details is not required for correctness per the grading criteria.","Relevance: False

Step-by-step reasoning:
- The question asks to look up electricians in the area for a Bridgeport mill, implying the user wants contact information or referrals for qualified electricians.
- The student’s answer states that such information cannot be determined from the provided documents and cites the manual’s requirement for a qualified electrician. This acknowledges a limitation of the source material but does not move the request forward.
- While the answer is concise and mentions the Bridgeport mill, it does not help answer the question: it neither provides any electricians, asks for the user’s location, nor suggests how to find local electricians (e.g., local directories, manufacturer/dealer referrals).
- Therefore, it fails the criterion of helping to answer the question, even if it is on-topic."
eyJtZXRhZGF0YSI6eyJhbnN3ZXJfaW5zdHJ1Y3Rpb25zX2lkIjoiQSIsImFwcHJvYWNoIjoibG9uZ19jb250ZXh0IiwiZWZmb3J0IjoibG93IiwiZmV3X3Nob3RfaWQiOiJBIiwibWF4X3Rva2VucyI6NTAwMCwibW9kZWwiOiJncHQtNS40LTIwMjYtMDMtMDUiLCJyZWFzb25pbmdfZWZmb3J0IjoibG93IiwidG9wX2siOjF9LCJydW5fdXVpZCI6Ijk1YTA2MzQ3LWJiZTgtNDZkOS1hMmUxLTM2Nzk3ZmU5ZWQyMSJ9vspaxuIK28g,True,True,"Step-by-step reasoning:
- The ground truth states: do not wear gloves while operating equipment because gloves can be caught in moving parts.
- The student answer says not to wear gloves and gives the same reason: gloves are easily caught in moving parts.
- The student also adds a related safety warning about keeping body parts away from moving parts, which does not conflict with the ground truth and is consistent with it.

Conclusion: The student’s answer exactly matches the ground truth and adds accurate, non-conflicting context.

Correctness: True","Relevance: True

Step-by-step reasoning:
- The question asks for a clear yes/no decision about wearing gloves on a Bridgeport mill and a justification.
- The student provides a direct answer (“No”) and immediately follows with the reason: gloves can be caught in moving parts.
- The student cites the specific equipment manual, which directly supports the claim and ties it to the Bridgeport mill context.
- The additional note about keeping body parts away from moving parts reinforces the safety rationale and remains on-topic.
- The response is concise and directly addresses both parts of the question (what to do and why), without unnecessary information."
eyJtZXRhZGF0YSI6eyJhbnN3ZXJfaW5zdHJ1Y3Rpb25zX2lkIjoiQSIsImFwcHJvYWNoIjoibG9uZ19jb250ZXh0IiwiZWZmb3J0IjoibG93IiwiZmV3X3Nob3RfaWQiOiJBIiwibWF4X3Rva2VucyI6NTAwMCwibW9kZWwiOiJncHQtNS40LTIwMjYtMDMtMDUiLCJyZWFzb25pbmdfZWZmb3J0IjoibG93IiwidG9wX2siOjF9LCJydW5fdXVpZCI6Ijk2YmM2YmMyLWU3MTUtNDA4My1iNzhjLWUzOTBkZTVjYmQ1MyJ9b4wdMXiVm_E,False,True,"Correctness: False

Step-by-step reasoning:
- The ground truth specifies that torque changes are made using the Hi-Neutral-Lo mechanical lever, which selects back gear or direct drive. This directly answers how to change torque.
- The student claims the documents do not describe a procedure to change the torque and instead references the feed control overload clutch, stating it should not be tampered with. This is unrelated to the Hi-Neutral-Lo lever used for torque changes.
- Therefore, the student’s answer contradicts the ground truth by denying the existence of the relevant procedure and focusing on an incorrect component.","Relevance: True

Step-by-step reasoning:
- Identify the user’s intent: They want to know how to change the torque of the lever on a mill.
- Check if the student’s answer is concise and on-topic: The response directly addresses the mill lever torque and references the relevant component (feed control lever/overload clutch) on a Bridgeport mill. It’s brief and focused.
- Determine if it helps answer the question: The student explains that the manual does not provide a procedure and explicitly states the overload clutch is factory set (to hold up to 200 lbs of down pressure) and should not be adjusted in the field. This effectively answers “how to change it” by indicating that it should not be changed and there’s no sanctioned method provided.
- Evaluate completeness relative to the query: While it doesn’t provide a procedure (because one isn’t advised), it gives a practical and safety-aligned conclusion, which is useful to the user.

Conclusion: The answer is relevant, concise, and helps by clarifying that torque adjustment is not intended or recommended per the manual."
eyJtZXRhZGF0YSI6eyJhbnN3ZXJfaW5zdHJ1Y3Rpb25zX2lkIjoiQSIsImFwcHJvYWNoIjoibG9uZ19jb250ZXh0IiwiZWZmb3J0IjoibG93IiwiZmV3X3Nob3RfaWQiOiJBIiwibWF4X3Rva2VucyI6NTAwMCwibW9kZWwiOiJncHQtNS40LTIwMjYtMDMtMDUiLCJyZWFzb25pbmdfZWZmb3J0IjoibG93IiwidG9wX2siOjF9LCJydW5fdXVpZCI6Ijk4NDc0NDIwLWFjMjAtNDA2ZS04MTJmLTNmYzJhOTZlZThjMCJ9pdn-CZceY2Y,False,True,"Correctness: False

Step-by-step reasoning:
- The ground truth specifies: after the initial cleaning, you should move the table, saddle, and knee to a limit stop first, then clean and lubricate the exposed ways; repeat at the opposite stops, and move the ram full length after loosening its bolts to clean and lubricate.
- The student correctly states to clean off the protective coating with a suitable solution and includes a non-conflicting safety note about not using gasoline.
- However, the student says, “Do not move the table, saddle, knee, or any movable part until all ways have been well cleaned and lubricated.” This contradicts the ground truth sequence, which requires moving the axes to expose ways before cleaning/lubricating them.
- The student then instructs to move the axes to each limit stop and clean/lubricate at each position, which internally conflicts with their prior “do not move” instruction (violating the no-conflict criterion).
- Their guidance to loosen the ram bolts and move the ram full length to clean and lubricate matches the ground truth.
- Omission of the extra “once more” traverse is not necessarily incorrect, but the sequencing contradiction makes the answer factually inconsistent with the ground truth and self-contradictory.","Relevance: True

Step-by-step reasoning:
- The question asks specifically about the initial cleaning procedure upon receiving a Bridgeport mill.
- The student outlines cleaning off the protective coating, which is the first necessary step after uncrating.
- They include an important safety warning to avoid gasoline or flammable cleaners, which is relevant and appropriate.
- They advise not moving any movable parts until the ways are cleaned and lubricated, which preserves machine condition—this directly addresses proper procedure.
- They provide a logical sequence: after cleaning and lubricating, move the table, saddle, and knee to their limits to expose and treat all ways, and similarly loosen and move the ram to clean and lubricate it.
- The answer is concise, sticks to the cleaning process, and gives actionable steps without extraneous detail.

Therefore, it is relevant and helps answer the question effectively."
eyJtZXRhZGF0YSI6eyJhbnN3ZXJfaW5zdHJ1Y3Rpb25zX2lkIjoiQSIsImFwcHJvYWNoIjoibG9uZ19jb250ZXh0IiwiZWZmb3J0IjoibG93IiwiZmV3X3Nob3RfaWQiOiJBIiwibWF4X3Rva2VucyI6NTAwMCwibW9kZWwiOiJncHQtNS40LTIwMjYtMDMtMDUiLCJyZWFzb25pbmdfZWZmb3J0IjoibG93IiwidG9wX2siOjF9LCJydW5fdXVpZCI6IjkwMjk4ODhiLTIxNDQtNGFiYS1iYmE4LTZmYjhmZGE1YmNhMyJ951-i5RdfFAs,True,True,"Step-by-step reasoning:
- The ground truth states the spindle brake is a large lever on the top-left side of the head assembly.
- The belt housing is the top portion of the head assembly on a Bridgeport mill.
- Therefore, saying it is on the left side of the belt housing is consistent with being on the top-left side of the head assembly.
- The student’s answer does not introduce any conflicting information.

Correctness: True","Relevance: True

Step-by-step reasoning:
- The question asks specifically for the location of the spindle brake on a Bridgeport mill.
- The student’s answer directly states a location: “on the left side of the belt housing,” which is a clear and specific positional description on the mill head.
- The answer is concise, with no extraneous information.
- This location aligns with common configurations of Bridgeport mills, making the response helpful and appropriate to the question."
eyJtZXRhZGF0YSI6eyJhbnN3ZXJfaW5zdHJ1Y3Rpb25zX2lkIjoiQSIsImFwcHJvYWNoIjoibG9uZ19jb250ZXh0IiwiZWZmb3J0IjoibG93IiwiZmV3X3Nob3RfaWQiOiJBIiwibWF4X3Rva2VucyI6NTAwMCwibW9kZWwiOiJncHQtNS40LTIwMjYtMDMtMDUiLCJyZWFzb25pbmdfZWZmb3J0IjoibG93IiwidG9wX2siOjF9LCJydW5fdXVpZCI6IjkyMDliNjYxLWNhYzItNDczMy05N2EwLTI1Y2UyNTMyMDkyMSJ9mXOxgkuApA8,True,True,"Step-by-step reasoning:
- The ground truth answer states the correct quantity is 2.
- The student answer explicitly states there should be 2 stud motor mounting rings.
- The additional details provided (item number, dimensions, and parts list reference) do not contradict the ground truth and are consistent with it.
- There are no conflicting statements in the student’s response.

Correctness: True","Relevance: True

Reasoning:
- The question asks specifically for the quantity of stud motor mounting rings in the E-HEAD assembly.
- The student directly answers with a clear number and supports it by referencing the E-HEAD parts list, identifying the correct item and its quantity.
- The response is concise, on-topic, and provides a helpful citation (item number and description), which strengthens confidence in the answer.
- Therefore, it meets both criteria: it is concise/relevant and helps answer the question."
eyJtZXRhZGF0YSI6eyJhbnN3ZXJfaW5zdHJ1Y3Rpb25zX2lkIjoiQSIsImFwcHJvYWNoIjoibG9uZ19jb250ZXh0IiwiZWZmb3J0IjoibG93IiwiZmV3X3Nob3RfaWQiOiJBIiwibWF4X3Rva2VucyI6NTAwMCwibW9kZWwiOiJncHQtNS40LTIwMjYtMDMtMDUiLCJyZWFzb25pbmdfZWZmb3J0IjoibG93IiwidG9wX2siOjF9LCJydW5fdXVpZCI6ImE2NTkwZjVkLWU0YzctNGU2ZC1hNzU0LWM3ZjRlNDUxZDg0NCJ99HarcO4Pq4M,False,True,"Step-by-step reasoning:
- The ground truth specifies using the spindle brake on the left side of the belt housing, pulling or pushing it until it binds, and then raising the quill feed handle.
- The student correctly identifies the location (left side of the belt housing) and the action to pull/push the brake until it binds.
- However, the student first says “then raise it to lock the spindle,” where “it” grammatically refers to the brake lever. This is incorrect relative to the ground truth, which specifies raising the quill feed handle, not the brake lever.
- The student then adds a second sentence correctly stating to “raise the quill feed handle,” creating an internal conflict with the earlier “raise it” (the brake lever) instruction.

Because the answer contains conflicting statements about what to raise after engaging the brake, it does not fully meet the criteria.

Correctness: False","Relevance: True

Step-by-step reasoning:
- The question asks for the method to lock the spindle on a Bridgeport mill.
- The student identifies the correct control (the spindle brake) and its location (left side of the belt housing), which directly addresses “how.”
- They provide actionable steps: move the brake lever until it binds to hold the spindle, which is what’s typically done when tightening/loosening the drawbar.
- The answer is concise and focused on the spindle-locking action, thus relevant and helpful.
- While mentioning raising the quill feed handle could be slightly conflated with quill operations, the core instruction (use the spindle brake to bind/hold the spindle) remains directly useful to answer the question."
eyJtZXRhZGF0YSI6eyJhbnN3ZXJfaW5zdHJ1Y3Rpb25zX2lkIjoiQSIsImFwcHJvYWNoIjoibG9uZ19jb250ZXh0IiwiZWZmb3J0IjoibG93IiwiZmV3X3Nob3RfaWQiOiJBIiwibWF4X3Rva2VucyI6NTAwMCwibW9kZWwiOiJncHQtNS40LTIwMjYtMDMtMDUiLCJyZWFzb25pbmdfZWZmb3J0IjoibG93IiwidG9wX2siOjF9LCJydW5fdXVpZCI6ImFjZDRhNDk3LTY2OGEtNDEzNS1hZTQ1LTg4NmNjM2MxMzZhNiJ9aohvEfv8G8s,True,True,"Correctness: True

Step-by-step reasoning:
- The ground truth states the part is a set screw used to help align the collet (not structural) and should be replaced promptly.
- The student identifies the part as a set screw in the correct area and advises replacing it if missing, which aligns with the ground truth directive to replace it.
- The student’s additional cautions about not removing the nose cap before removing the set screw and not overtightening do not conflict with the ground truth; they are consistent, practical details.
- The student mentions servicing steps and a gap specification; while extra, these do not contradict the ground truth’s description of function and action.
- There are no conflicting statements relative to the ground truth.","Relevance: True

Reasoning:
- The question asks what to do about a missing small Allen screw near the lower backside of the “chuck” (likely the nose area) on a Bridgeport mill.
- The student identifies this as the nose cap set screw and advises to replace it, which directly answers “what should I do?”
- They add critical cautions: do not attempt to remove the nose cap before removing the set screw, and do not overtighten on reinstallation. These are directly relevant and help prevent damage.
- They provide a concise service sequence if dealing with the collet aligning screw and include the correct clearance specification (.003 in), which is practical and actionable.
- The response stays on-topic, is concise, and provides steps that help resolve the issue."
eyJtZXRhZGF0YSI6eyJhbnN3ZXJfaW5zdHJ1Y3Rpb25zX2lkIjoiQSIsImFwcHJvYWNoIjoibG9uZ19jb250ZXh0IiwiZWZmb3J0IjoibG93IiwiZmV3X3Nob3RfaWQiOiJBIiwibWF4X3Rva2VucyI6NTAwMCwibW9kZWwiOiJncHQtNS40LTIwMjYtMDMtMDUiLCJyZWFzb25pbmdfZWZmb3J0IjoibG93IiwidG9wX2siOjF9LCJydW5fdXVpZCI6ImFlZTNkY2Q4LWY0YzUtNDg3YS04MDRjLTM1MGQ0ODE2OTI5NSJ9gndEgTZCVoU,True,True,"Step-by-step reasoning:
- The ground truth states that rings and jewellery must not be worn.
- The student answer says “No” and explains that the manual advises against wearing rings, watches, jewelry, or loose items due to entanglement hazards.
- This aligns with the ground truth: it explicitly prohibits wearing jewelry and is consistent with safety reasons.
- The additional details (watches, loose items, entanglement risk) do not conflict and are accurate extensions.

Correctness: True","Relevance: True

Step-by-step reasoning:
- The question asks if it’s okay to wear gold around a Bridgeport mill, with a concern about scratching. The core decision is whether wearing jewelry is acceptable while using the mill.
- The student’s answer directly addresses this by saying “No” and citing the machine manual’s safety guidance against wearing rings, watches, or jewelry due to entanglement hazards.
- While the student doesn’t address the scratch concern specifically, the safety prohibition makes the scratch concern moot: if you shouldn’t wear jewelry at all, then scratching is no longer the deciding factor.
- The answer is concise, relevant to the context (Bridgeport mill), and provides a clear, safety-based rationale that helps answer the question."
eyJtZXRhZGF0YSI6eyJhbnN3ZXJfaW5zdHJ1Y3Rpb25zX2lkIjoiQSIsImFwcHJvYWNoIjoibG9uZ19jb250ZXh0IiwiZWZmb3J0IjoibG93IiwiZmV3X3Nob3RfaWQiOiJBIiwibWF4X3Rva2VucyI6NTAwMCwibW9kZWwiOiJncHQtNS40LTIwMjYtMDMtMDUiLCJyZWFzb25pbmdfZWZmb3J0IjoibG93IiwidG9wX2siOjF9LCJydW5fdXVpZCI6ImI3OTlkYmYwLTlmZjItNDkxYi1hMzAxLWRjZWE5Nzc4MjI5NyJ92olfsoKPY_8,True,False,"Step-by-step reasoning:
- The ground truth explicitly says not to use a forklift to move or raise the mill and to lift it using slings under the ram, referencing the manual.
- The student states the manual does not provide a forklift procedure, indicates the machine should be lifted by placing a sling under the ram, and advises not to improvise other lifting methods.
- This matches the ground truth’s key points: no forklift and use slings under the ram.
- There are no conflicting statements in the student’s answer.
- The extra detail (safety warning and emphasis on not improvising) is consistent with the ground truth.

Correctness: True","Step-by-step reasoning:
- The question asks specifically how to use a forklift to move the mill, implying the user wants forklift-specific instructions.
- The student answer states that the manual does not provide a forklift procedure and instead cites a sling-under-the-ram lifting method.
- This directly addresses the availability of forklift instructions in the provided manual, which is relevant context.
- However, the answer does not provide any forklift procedure or guidance, nor an alternative forklift-safe recommendation; it only advises not to improvise and to use a sling per the manual.
- Therefore, while concise and on-topic, it does not help the user achieve their stated goal of moving the mill with a forklift.

Relevance: False"
eyJtZXRhZGF0YSI6eyJhbnN3ZXJfaW5zdHJ1Y3Rpb25zX2lkIjoiQSIsImFwcHJvYWNoIjoibG9uZ19jb250ZXh0IiwiZWZmb3J0IjoibG93IiwiZmV3X3Nob3RfaWQiOiJBIiwibWF4X3Rva2VucyI6NTAwMCwibW9kZWwiOiJncHQtNS40LTIwMjYtMDMtMDUiLCJyZWFzb25pbmdfZWZmb3J0IjoibG93IiwidG9wX2siOjF9LCJydW5fdXVpZCI6ImM0ODRlODhlLTNjNTctNGViOS05NjRjLTE2NTQ2ZTJjZGFhYSJ9tJPFMotPLRQ,True,True,"Correctness: True

Step-by-step reasoning:
- The ground truth states the gear case oil should be changed after the first two months of normal service, then twice a year thereafter.
- The student answer states the same maintenance interval: after the first two months and then twice yearly thereafter.
- The additional details about oil type and quantity do not contradict the ground truth and are acceptable as extra information.
- There are no conflicting statements in the student answer.

Conclusion: The student’s answer matches the required frequency exactly and is therefore correct.","Step-by-step reasoning:
- The question asks specifically about frequency: how often to change the gear case oil on a Bridgeport mill.
- The student answer directly provides a schedule: after the first two months of normal service and then twice yearly thereafter. This addresses the “how often” part clearly.
- The answer also includes oil quantity and type, which, while extra, is relevant and does not detract from conciseness.
- One minor limitation is that it specifies the “E-Head,” implying the schedule may be model-specific; however, it still helps answer the question by giving a clear interval for a common Bridgeport configuration.

Relevance: True"
eyJtZXRhZGF0YSI6eyJhbnN3ZXJfaW5zdHJ1Y3Rpb25zX2lkIjoiQSIsImFwcHJvYWNoIjoibG9uZ19jb250ZXh0IiwiZWZmb3J0IjoibG93IiwiZmV3X3Nob3RfaWQiOiJBIiwibWF4X3Rva2VucyI6NTAwMCwibW9kZWwiOiJncHQtNS40LTIwMjYtMDMtMDUiLCJyZWFzb25pbmdfZWZmb3J0IjoibG93IiwidG9wX2siOjF9LCJydW5fdXVpZCI6ImM1MTdiMmIzLWE2YmMtNDAwYS05OTZhLTcxZjVkMTAwYWYwMSJ9KUetqZWVLts,True,True,"Correctness: True

Step-by-step reasoning:
- The ground truth states there are two speed ranges because the mill has a Hi-Neutral-Lo lever (back gear vs direct), which mechanically changes torque and selects the range; the speed change is then adjusted within that range.
- It specifies the ranges: 60–500 RPM (low/back gear) and 500–4200 RPM (high/direct).
- The student correctly identifies the two modes (back gear and direct drive), provides the correct RPM ranges for each, and states that the Hi-Neutral-Lo lever selects the range while the handwheel adjusts within the selected range.
- The student does not make any conflicting statements and does not need to include the procedural cautions to be correct.

Therefore, the student’s answer is factually accurate relative to the ground truth.","Relevance: True

Step-by-step reasoning:
- The question asks for the reason the speed change flywheel shows two ranges on a Bridgeport mill.
- The student explains that the mill has two mechanical drive modes: back gear (low) and direct drive (high), which inherently create two distinct speed ranges.
- They provide typical RPM ranges for each and clarify that the Hi-Neutral-Lo lever selects the range, while the handwheel varies speed within that range.
- This directly addresses the “why” (two drive modes necessitating two ranges) and how it’s used, which helps answer the question.
- The answer is concise, focused, and relevant. While it could mention torque differences, it’s not necessary to satisfy the prompt."
eyJtZXRhZGF0YSI6eyJhbnN3ZXJfaW5zdHJ1Y3Rpb25zX2lkIjoiQSIsImFwcHJvYWNoIjoibG9uZ19jb250ZXh0IiwiZWZmb3J0IjoibG93IiwiZmV3X3Nob3RfaWQiOiJBIiwibWF4X3Rva2VucyI6NTAwMCwibW9kZWwiOiJncHQtNS40LTIwMjYtMDMtMDUiLCJyZWFzb25pbmdfZWZmb3J0IjoibG93IiwidG9wX2siOjF9LCJydW5fdXVpZCI6ImNmNWRkZTNhLTQwODAtNDg0MS1hNmEyLWQ0OTdmYWU5MjMzNSJ9aUuCU1AJFms,True,True,"Correctness: True

Step-by-step reasoning:
- The ground truth specifies low range as 60–500 RPM and high range as 500–4200 RPM.
- The student states low range is 60–500 RPM and high range is 500–4200 RPM.
- These values exactly match the ground truth.
- There are no conflicting statements, and the additional mention of ""Series I"" and ""variable speed"" does not contradict the ranges provided.","Relevance: True

Step-by-step reasoning:
- The question asks specifically for the operating speed ranges in low and high range for a Bridgeport mill.
- The student provides two explicit RPM ranges, one for low (60–500 RPM) and one for high (500–4200 RPM), directly aligning with the question’s request.
- The answer is concise and focused, without unnecessary details.
- The student clarifies the context by specifying the Series I variable-speed model, which is a common configuration, improving precision without detracting from relevance.
- Therefore, the response is both relevant and helpful to answering the question."
eyJtZXRhZGF0YSI6eyJhbnN3ZXJfaW5zdHJ1Y3Rpb25zX2lkIjoiQSIsImFwcHJvYWNoIjoibG9uZ19jb250ZXh0IiwiZWZmb3J0IjoibG93IiwiZmV3X3Nob3RfaWQiOiJBIiwibWF4X3Rva2VucyI6NTAwMCwibW9kZWwiOiJncHQtNS40LTIwMjYtMDMtMDUiLCJyZWFzb25pbmdfZWZmb3J0IjoibG93IiwidG9wX2siOjF9LCJydW5fdXVpZCI6ImNmNjJlNmIxLTIzYTUtNDFkZS1hOTlkLTFkYjIzNWNlYzNmNiJ904pp6aQ_y_A,True,True,"Correctness: True

Reasoning:
- The ground truth says that after unplugging, you should pull the Hi-Neutral-Lo lever in toward the machine to change the range, and you’ll hear it click into place.
- The student correctly describes stopping the spindle, moving the Hi-Neutral-Lo lever into the desired position (Hi or Lo), and notes that engagement requires aligning gears by rotating the spindle by hand—this is consistent with the idea that the lever will click into place when aligned.
- The caution about not shifting while the motor is running aligns with safe, correct procedure and does not conflict with the ground truth.
- The added note about setting the drum switch to match the range is extra information. While not mentioned in the ground truth, it does not contradict it. There are Bridgeport variants where matching electrical speed/range is relevant, so it isn’t inherently false relative to the ground truth.

Therefore, the student’s answer is factually accurate relative to the ground truth and contains no conflicting statements.","Relevance: True

Step-by-step reasoning:
- The question asks what to do next after unplugging the Bridgeport to change the Hi-Neutral-Lo lever. The crucial next step is to align and engage the mechanical gears/clutches safely.
- The student specifies to hold the lever, rotate the spindle nose by hand to line up the gears, and then shift into the desired range. This directly addresses the immediate next action needed.
- They also add the follow-up step of setting the drum switch to match the selected range when power is restored, which is appropriate and helpful.
- The included caution about not shifting while the motor is running is relevant safety guidance consistent with the task.
- The answer is concise, focused on the Bridgeport procedure, and clearly helps the user perform the next step."
eyJtZXRhZGF0YSI6eyJhbnN3ZXJfaW5zdHJ1Y3Rpb25zX2lkIjoiQSIsImFwcHJvYWNoIjoibG9uZ19jb250ZXh0IiwiZWZmb3J0IjoibG93IiwiZmV3X3Nob3RfaWQiOiJBIiwibWF4X3Rva2VucyI6NTAwMCwibW9kZWwiOiJncHQtNS40LTIwMjYtMDMtMDUiLCJyZWFzb25pbmdfZWZmb3J0IjoibG93IiwidG9wX2siOjF9LCJydW5fdXVpZCI6ImQ0OTcyYTdkLTVlMWUtNDk2OC04MjhkLTUzN2NkZjhmMTA4ZCJ9HbGELivEl9c,True,False,"Correctness: True

Reasoning:
- The ground truth specifies applying the spindle brake, loosening the drawbar with a wrench (typically 3/4""), then finishing loosening by hand, and tapping/letting the drawbar drop slightly to release the collet while supporting it.
- The student instructs to stop the spindle, engage the spindle brake, and then loosen the drawbar with the machine’s wrench—this aligns with the ground truth’s brake-and-wrench steps. Mentioning the drawbar’s 7/16""-20 RH thread is accurate for an R8 Bridgeport and does not conflict.
- The student advises backing off the drawbar and giving a slight tap to release the collet, which matches the ground truth’s method of releasing the taper (the ground truth’s “dropping it” corresponds to a light tap).
- The student adds safety notes (stop spindle, no gloves) and mentions raising the quill handle; these are additional, non-conflicting details.
- While the student does not explicitly state holding the collet/tool during release, omission does not contradict the ground truth, and no conflicting statements are present.

Therefore, the student answer is factually accurate relative to the ground truth.","Relevance: False

Step-by-step reasoning:
1) Identify what the question asks: It requests the steps for changing the tool on a Bridgeport mill, which implies both removing the current tool and installing the new one.
2) Check topical relevance: The student answer is on-topic, discussing Bridgeport mill tool changing and including safety notes.
3) Assess completeness/helpfulness: The answer provides removal steps (stop spindle, engage spindle brake, loosen drawbar, tap to release collet). However, it omits key steps to complete the change, such as:
   - Safely supporting and removing the old tool/collet from the spindle
   - Inserting the new tool/collet into the spindle
   - Seating the taper and tightening the drawbar to secure the new tool
   - Releasing the spindle brake and verifying the tool is properly secured
4) Evaluate concision/relevance: While concise and relevant to removal, the omission of installation steps means it does not fully help answer “the steps for changing the tool.”
5) Conclusion: Because it does not cover the full process required by the question, it does not meet all criteria for relevance."
eyJtZXRhZGF0YSI6eyJhbnN3ZXJfaW5zdHJ1Y3Rpb25zX2lkIjoiQSIsImFwcHJvYWNoIjoibG9uZ19jb250ZXh0IiwiZWZmb3J0IjoibG93IiwiZmV3X3Nob3RfaWQiOiJBIiwibWF4X3Rva2VucyI6NTAwMCwibW9kZWwiOiJncHQtNS40LTIwMjYtMDMtMDUiLCJyZWFzb25pbmdfZWZmb3J0IjoibG93IiwidG9wX2siOjF9LCJydW5fdXVpZCI6ImQ1ZWFmZjM5LWI3OWMtNDdkMC1hNzBhLWUyZDUzNGE3ZjA5MiJ90n7F-2cV3Yc,False,True,"Step-by-step reasoning:
- The ground truth answer is simply “Yes.”
- The student begins with “Yes,” which aligns with the ground truth.
- However, the student adds a universal claim: “Series I Bridgeport mills with J-head and 2J-head spindles use an R-8 spindle taper.” This is not universally true. While R8 is the most common, J-heads were also offered with Morse Taper #2 and Brown & Sharpe #7, and 2J heads could be had with alternative tapers (e.g., NMTB 30) on some machines.
- Because the added details include a factual inaccuracy, the answer does not fully meet the accuracy criterion, even though the core “Yes” is correct.

Correctness: False","Relevance: True

Step-by-step reasoning:
- The question asks a simple yes/no: whether a Bridgeport takes R8 collets.
- The student directly answers “Yes,” which addresses the core query.
- They add relevant context (Series I with J-head and 2J-head spindles use R8), showing awareness that it depends on spindle type—this supports the answer.
- The collet capacity range is additional but still pertinent information about R8 usage and does not distract from the answer.
- The response is concise, focused on the question, and clearly helps answer it."
eyJtZXRhZGF0YSI6eyJhbnN3ZXJfaW5zdHJ1Y3Rpb25zX2lkIjoiQSIsImFwcHJvYWNoIjoibG9uZ19jb250ZXh0IiwiZWZmb3J0IjoibG93IiwiZmV3X3Nob3RfaWQiOiJBIiwibWF4X3Rva2VucyI6NTAwMCwibW9kZWwiOiJncHQtNS40LTIwMjYtMDMtMDUiLCJyZWFzb25pbmdfZWZmb3J0IjoibG93IiwidG9wX2siOjF9LCJydW5fdXVpZCI6ImQ2ZmFmZjRhLWZlYjctNGE2Ny04YTBiLWUxYWNlNDU0MTdkMCJ91b1_UbsZAfM,False,False,"Correctness: False

Step-by-step reasoning:
- The ground truth specifies that the small Allen-head screw/hole at the lower backside of the spindle nose is for the collet aligning mechanism. It’s associated with the collet aligning screw “U,” lock screw “T,” and the nose cap “S,” and there are explicit steps for servicing it.
- The student claims it cannot be determined from the documents and that the manual does not explain a small Allen key hole on the chuck.
- This directly contradicts the ground truth, which clearly identifies the function: it is used to align the collet via the collet aligning screw.
- Therefore, the student’s answer is factually inaccurate relative to the ground truth.","Relevance: False

Step-by-step reasoning:
- The question asks for the specific purpose of the small Allen key hole on the chuck of a Bridgeport mill—i.e., what it is used for.
- The student’s response states that the purpose cannot be determined from the provided documents and summarizes what the manual includes.
- While the answer is concise, it does not provide any functional explanation or hypothesis, nor does it guide toward an answer.
- Therefore, it does not help to answer the question and fails criterion (2), making it not fully relevant."
eyJtZXRhZGF0YSI6eyJhbnN3ZXJfaW5zdHJ1Y3Rpb25zX2lkIjoiQSIsImFwcHJvYWNoIjoibG9uZ19jb250ZXh0IiwiZWZmb3J0IjoibG93IiwiZmV3X3Nob3RfaWQiOiJBIiwibWF4X3Rva2VucyI6NTAwMCwibW9kZWwiOiJncHQtNS40LTIwMjYtMDMtMDUiLCJyZWFzb25pbmdfZWZmb3J0IjoibG93IiwidG9wX2siOjF9LCJydW5fdXVpZCI6ImQ5M2I0ODU2LWYxODgtNDNhYy04YmE0LTMwZjdiNTM4MzIzMSJ9p0lPOYY1f_c,False,False,"Correctness: False

Step-by-step reasoning:
- The question asks for the specific direction (clockwise vs. counterclockwise) to change speed.
- The ground truth explicitly specifies which direction decreases and which increases speed.
- The student answer states that the exact clockwise vs. counterclockwise direction cannot be determined, and does not provide the specific mapping.
- This directly conflicts with the ground truth and fails to answer the question as posed.
- The extra caution about changing RPM while the motor is running is ancillary and not in conflict, but it does not compensate for the missing/incorrect directional information.","Relevance: False

Step-by-step reasoning:
- The question asks for a specific directional instruction (clockwise or counterclockwise) for changing speed on a Bridgeport mill.
- The student mentions the correct control (Speed Change Handwheel) and includes a relevant safety note (change speed with motor running), which is contextually related.
- However, the student explicitly states they cannot determine the exact direction (clockwise vs. counterclockwise) from the provided text.
- Because the answer does not provide the requested direction, it does not help the user accomplish the task.
- Therefore, while partially relevant context is given, it fails to answer the core question, making it not fully relevant per the grading criteria."
eyJtZXRhZGF0YSI6eyJhbnN3ZXJfaW5zdHJ1Y3Rpb25zX2lkIjoiQSIsImFwcHJvYWNoIjoibG9uZ19jb250ZXh0IiwiZWZmb3J0IjoibG93IiwiZmV3X3Nob3RfaWQiOiJBIiwibWF4X3Rva2VucyI6NTAwMCwibW9kZWwiOiJncHQtNS40LTIwMjYtMDMtMDUiLCJyZWFzb25pbmdfZWZmb3J0IjoibG93IiwidG9wX2siOjF9LCJydW5fdXVpZCI6ImRmNDBhMmEyLTIzOWMtNGE2Yy05NjY3LWNmYmFhMmM5ZDg4OSJ9LitEUSDWF7E,True,True,"Correctness: True

Step-by-step reasoning:
- The ground truth specifies not to wear gloves, long sleeves, long hair, rings, watches, jewelry, or other items that could become caught in moving parts.
- The student lists all of these: gloves, long sleeves, long hair (qualified as “not contained”), rings, watches, jewelry.
- The student also adds “neckties” and “other loose clothing/items,” which are consistent with “other items that could become caught in moving parts” and do not conflict with the ground truth.
- There are no contradictory statements in the student’s answer.
- Therefore, the student’s answer is accurate and includes acceptable additional detail.","Step-by-step reasoning:
- The question asks specifically what should not be worn when using a Bridgeport mill.
- The student directly answers with a clear list of items to avoid (gloves, long sleeves, loose jewelry, neckties, etc.).
- The inclusion of “long hair not contained” aligns with safety attire/practice and is contextually appropriate.
- The rationale given (to avoid entanglement with moving parts) supports the relevance and utility of the answer.
- The response is concise and focused on the asked topic.

Relevance: True"
eyJtZXRhZGF0YSI6eyJhbnN3ZXJfaW5zdHJ1Y3Rpb25zX2lkIjoiQSIsImFwcHJvYWNoIjoibG9uZ19jb250ZXh0IiwiZWZmb3J0IjoibG93IiwiZmV3X3Nob3RfaWQiOiJBIiwibWF4X3Rva2VucyI6NTAwMCwibW9kZWwiOiJncHQtNS40LTIwMjYtMDMtMDUiLCJyZWFzb25pbmdfZWZmb3J0IjoibG93IiwidG9wX2siOjF9LCJydW5fdXVpZCI6ImRmYjRkNzhjLTE4MjItNGI1MS1iY2Q3LTFlYjBkYWExMDhmOCJ9znuCZ9JU7UE,False,False,"Correctness: False

Step-by-step reasoning:
- The ground truth lists five categories: Danger, Warning, Caution, Notice, and Notes.
- The student’s list is: Safety, Notice, Warning, Caution, and Note.
- This omits “Danger” and introduces “Safety,” which is not one of the five categories. That alone makes the category list incorrect.
- Definition mismatches:
  - The student states “Caution” is for possible equipment damage, but in the ground truth, “Notice” is for potential equipment/workpiece damage, while “Caution” is for minor or moderate injury.
  - The student’s “Warning” includes equipment damage, which is not part of the ground truth definition.
  - The student’s “Notes” description (“especially significant operating information”) does not align with the ground truth (“supplemental information”).
- Therefore, both the categories and some definitions do not match the ground truth.","Relevance: False

Step-by-step reasoning:
- The question asks for the five main categories of safety labeling used in the Bridgeport mill manual.
- The student provides a list of five categories and adds brief definitions for some, which is on-topic and reasonably concise.
- However, at least one of the categories listed appears to be incorrect/misnamed relative to typical Bridgeport/manual conventions (e.g., substituting “Safety” where a different label is standard). This misidentification means the answer does not accurately provide the requested categories.
- Because the incorrect categorization can mislead and does not reliably answer the question, the response does not meet the criterion of helping to answer the question."
eyJtZXRhZGF0YSI6eyJhbnN3ZXJfaW5zdHJ1Y3Rpb25zX2lkIjoiQSIsImFwcHJvYWNoIjoibG9uZ19jb250ZXh0IiwiZWZmb3J0IjoibG93IiwiZmV3X3Nob3RfaWQiOiJBIiwibWF4X3Rva2VucyI6NTAwMCwibW9kZWwiOiJncHQtNS40LTIwMjYtMDMtMDUiLCJyZWFzb25pbmdfZWZmb3J0IjoibG93IiwidG9wX2siOjF9LCJydW5fdXVpZCI6ImY1ZWIzZjljLWE1NTctNDcyNC1iYTMwLWFjNzJmZjEwMTI5MSJ9h1r7_ruaMq4,True,True,"Correctness: True

Step-by-step reasoning:
- The ground truth requires that only a qualified electrician hook up the machine. The student explicitly states this, matching the requirement.
- The first step in the ground truth is to check required voltage against the power supply. The student includes this exact step.
- The second step is to connect the machine wiring in compliance with safety regulations. The student includes this as well.
- The third step is to check for correct spindle rotation, specifically that in HIGH SPEED the spindle rotates clockwise when viewed from the top. The student states this precisely.
- The student adds that the drum switch and hi-neutral-lo lever should be in high when checking rotation. This does not conflict with the ground truth and is a reasonable, non-contradictory detail.
- The student also mentions ensuring the machine is properly lubricated before operating. This is extra information and does not conflict with the ground truth.

Since all required elements are present and accurate, and there are no conflicting statements, the answer is correct.","Relevance: True

Step-by-step reasoning:
- The question asks how to connect the power supply to a Bridgeport mill, which primarily involves safe electrical hookup and verification of correct motor rotation.
- The student instructs having a qualified electrician perform the connection, checking that supply voltage matches requirements, wiring per safety regulations, and verifying spindle rotation direction. These steps directly address the core of connecting the power supply.
- The detail about checking rotation in HIGH SPEED and ensuring the drum switch and hi-neutral-lo lever are in high range is specific and useful for confirming correct phasing after connection.
- The note that the manual warns to use a qualified electrician reinforces safety and is on-topic.
- The lubrication reminder is slightly tangential to power connection but is brief and does not detract from the main guidance.
- Overall, the answer is concise, focused on the connection process, and provides actionable steps that help answer the question."
eyJtZXRhZGF0YSI6eyJhbnN3ZXJfaW5zdHJ1Y3Rpb25zX2lkIjoiQSIsImFwcHJvYWNoIjoibG9uZ19jb250ZXh0IiwiZWZmb3J0IjoibG93IiwiZmV3X3Nob3RfaWQiOiJBIiwibWF4X3Rva2VucyI6NTAwMCwibW9kZWwiOiJncHQtNS40LTIwMjYtMDMtMDUiLCJyZWFzb25pbmdfZWZmb3J0IjoibG93IiwidG9wX2siOjF9LCJydW5fdXVpZCI6ImY1ZWMyYWNlLWFlOGMtNDNlNS05YzEyLTg2ZjE4ZDFmNGM0NyJ9obJByR58tDQ,False,True,"Correctness: False

Reasoning:
- The ground truth specifies that knob “I” is the Feed Control Lever and not the depth-adjustment knob. The student correctly states this.
- The ground truth further specifies that depth is adjusted using the micrometer Dial/Nut “H.” The student instead says depth is set with the Quill Stop Knob “E” and Micrometer Nut “F.” This conflicts with the ground truth labeling and is therefore incorrect relative to it.
- The extra details about boring capacity and that required depth depends on the part/setup do not conflict with the ground truth and are acceptable, but they don’t fix the misidentification of the correct depth control.

Because the student identifies the wrong control letters for depth adjustment (E/F instead of H), the answer is not fully accurate relative to the ground truth.","Relevance: True

Step-by-step reasoning:
- The question implies two issues: (a) using knob “I” to change depth, and (b) determining the appropriate depth for a 1-inch hole.
- The student correctly identifies that knob “I” is the feed control/overload clutch and not the depth-setting control. This directly addresses the misuse implied in the question and points to the correct controls (Quill Stop and Micrometer Nut) for setting depth, including the .001 in per graduation detail. This is relevant and helpful.
- On the “how deep should I go” part, the student correctly notes that a 1-inch hole refers to diameter, not a standard depth, and that the required depth depends on the part and setup. They add that 1-inch diameter is within the machine’s boring capacity. This clarifies the misconception and guides the user appropriately.
- The answer is concise and focused on the question, with only minimal, relevant context (machine capacity)."
eyJtZXRhZGF0YSI6eyJhbnN3ZXJfaW5zdHJ1Y3Rpb25zX2lkIjoiQSIsImFwcHJvYWNoIjoibG9uZ19jb250ZXh0IiwiZWZmb3J0IjoibG93IiwiZmV3X3Nob3RfaWQiOiJBIiwibWF4X3Rva2VucyI6NTAwMCwibW9kZWwiOiJncHQtNS40LTIwMjYtMDMtMDUiLCJyZWFzb25pbmdfZWZmb3J0IjoibG93IiwidG9wX2siOjF9LCJydW5fdXVpZCI6ImYwN2UzMmY1LWYzYjAtNDcxZi1iZTkxLTNmNzU1ODdhNThjYiJ9939Ubm6-lTo,False,True,"Step-by-step reasoning:
1. The ground truth specifies exactly where to attach the spindle guard: to the two tapped holes in the spindle nose cap. It also clarifies that the two untapped holes are for a spanner wrench and are not for mounting.
2. The ground truth gives four steps: place the mounting ring under the guard top, insert two socket head cap screws through the ring into the threaded nose-cap holes hand-tight, align the guard square to the table, and tighten with an Allen wrench.
3. The student’s R-8 (post-1983) instructions match the ground truth: they use the two threaded holes in the spindle nose cap and follow the same sequence, which is consistent.
4. However, the student’s R-8 retrofit (pre-1983) instructions direct tapping the spanner-wrench holes and using them for mounting. This conflicts with the ground truth, which states the untapped holes are for spanner removal and identifies two tapped holes intended for mounting.
5. The student’s Erickson/Universal quick-change section describes using four #8-32 holes for mounting, which also conflicts with the ground truth statement that the guard mounts using two tapped holes in the nose cap.

Because the student answer includes procedures that contradict the ground truth (tapping and using spanner holes; using four mounting holes), it is not fully correct relative to the provided answer.

Correctness: False","Relevance: True

Step-by-step reasoning:
- The question asks for two things: the mounting steps and the specific attachment location.
- The student clearly identifies the attachment point as the spindle nose cap, directly addressing “Where do I attach the spindle guard?”
- They provide step-by-step procedures for the common spindle configurations on a Bridgeport Series I mill (R-8 post-1983, R-8 retrofit pre-1983, and Erickson #30/Universal #200), which covers the likely scenarios and answers “What are the steps I should follow?”
- The instructions include necessary tools (e.g., 3/16 in. Allen wrench), fastener details, alignment guidance, and precautions (tapping existing holes only), making the steps actionable and safe.
- The content is organized and focused on the installation task without irrelevant information, maintaining conciseness given the need to cover multiple variants.

Conclusion: The student’s answer is concise, relevant, and effectively helps answer both parts of the question."
eyJtZXRhZGF0YSI6eyJhbnN3ZXJfaW5zdHJ1Y3Rpb25zX2lkIjoiQSIsImFwcHJvYWNoIjoibG9uZ19jb250ZXh0IiwiZWZmb3J0IjoibG93IiwiZmV3X3Nob3RfaWQiOiJBIiwibWF4X3Rva2VucyI6NTAwMCwibW9kZWwiOiJncHQtNS40LTIwMjYtMDMtMDUiLCJyZWFzb25pbmdfZWZmb3J0IjoibG93IiwidG9wX2siOjF9LCJydW5fdXVpZCI6ImYwY2QzMDE5LTg1ODctNGVlMy1hOTc2LWFlMDg3MmNkYmQwNyJ9UraW9tcCm98,True,True,"Correctness: True

Step-by-step reasoning:
- The ground truth states the cranks are inverted for shipping and provides the exact steps to fix: engage the lock mechanism to the saddle and table, use a 1-inch wrench to remove the retaining lead screw nut, and install the hand cranks properly.
- The student’s answer mirrors these points precisely: acknowledges the shipping inversion, specifies engaging the locks to the saddle and table, mentions using a 1-inch wrench to remove the retaining lead screw nut, and concludes with installing the hand cranks properly.
- There are no conflicting statements or inaccuracies relative to the ground truth. The added bracketed note “[Mill (Bridgeport)]” is merely contextual and does not introduce errors.","Step-by-step reasoning:
- The question asks what action to take when the Bridgeport mill’s hand cranks appear backwards.
- The student identifies a common cause (cranks inverted for shipping), which directly addresses why they look backwards.
- The student then provides clear, concise steps to correct it: lock the saddle/table to prevent movement, remove the retaining nut (with a specified tool), and reinstall the cranks in the correct orientation.
- The answer is brief and stays on-topic, offering a practical solution rather than unrelated details.

Conclusion: The response is concise, relevant, and helps resolve the issue.

Relevance: True"
eyJtZXRhZGF0YSI6eyJhbnN3ZXJfaW5zdHJ1Y3Rpb25zX2lkIjoiQSIsImFwcHJvYWNoIjoibG9uZ19jb250ZXh0IiwiZWZmb3J0IjoibG93IiwiZmV3X3Nob3RfaWQiOiJBIiwibWF4X3Rva2VucyI6NTAwMCwibW9kZWwiOiJncHQtNS40LTIwMjYtMDMtMDUiLCJyZWFzb25pbmdfZWZmb3J0IjoibG93IiwidG9wX2siOjF9LCJydW5fdXVpZCI6ImZhY2E4Mjc2LTIxNDEtNDEwNi04NDNkLTBhNjdkYTUwNTdiZiJ9Pd8uhAS1IHo,True,True,"Step-by-step reasoning:
- The ground truth states that hearing protection is not universally required, but may be required for some operations.
- The student answer says hearing protection (ear muffs or plugs) should be worn “when necessary,” and explicitly notes it is not required at all times.
- “When necessary” aligns with “may be required for some operations,” so there is no conflict.
- Additional details about safety glasses and shoes do not contradict the ground truth.

Correctness: True","Relevance: True

Step-by-step reasoning:
1) The question asks whether hearing protection is needed around a Bridgeport mill.
2) The student cites the manual and states that hearing protection (ear muffs or plugs) is required “when necessary,” not at all times.
3) This directly addresses the yes/no nature of the question by clarifying it is conditional rather than universal.
4) The answer is concise, focused on PPE guidance, and avoids unrelated details.
5) While it could specify what “when necessary” means (e.g., high noise levels), it still helps answer the question by conveying the conditional requirement."
